<?xml version="1.0"?>
<!-- 
Copyright 2004,2005 The Apache Software Foundation
Licensed  under the  Apache License,  Version 2.0  (the "License");
you may not use  this file  except in  compliance with the License.
You may obtain a copy of the License at 

http://www.apache.org/licenses/LICENSE-2.0

Unless required by applicable law or agreed to in writing, software
distributed  under the  License is distributed on an "AS IS" BASIS,
WITHOUT  WARRANTIES OR CONDITIONS  OF ANY KIND, either  express  or
implied.

See the License for the specific language governing permissions and
limitations under the License.
-->
<portal>

    <fragment name="navigation" class="org.apache.pluto.portalImpl.aggregation.navigation.TabNavigation">
    </fragment>
    
    <fragment name="test" type="page">
        <navigation>
            <title>WPA WSRP Test Portlets</title>
            <description>...</description>
        </navigation>

        <fragment name="row" type="row">

            <fragment name="col1" type="column">

                <fragment name="p1" type="portlet">
					<!-- @value is the handle of the portlet to show -->
					<property name="portlet" value="0.1"/>
                </fragment>

            </fragment>

        </fragment>

    </fragment>

</portal>
