<project>

  <groupId>com.hp.frameworks.wpa</groupId>
  <artifactId>wpa-wsrp4j</artifactId>
  <name>WPA WSRP4J</name>
  <currentVersion>1.1.5</currentVersion>

  <inceptionYear>2006</inceptionYear>
  <developers>
	  <developer>
		  <id>bdehamer</id>
		  <name>Brian DeHamer</name>
		  <email>brian.dehamer@hp.com</email>
		  <organization>E-Biz SOA Frameworks</organization>
		  <organizationUrl>http://frameworks.corp.hp.com</organizationUrl>
		  <timezone>-8</timezone>
	  </developer>
	  <developer>
		  <id>arnoldmi</id>
		  <name>Mike Arnold</name>
		  <email>michael.arnold@hp.com</email>
		  <organization>E-Biz SOA Frameworks</organization>
		  <organizationUrl>http://frameworks.corp.hp.com</organizationUrl>
		  <timezone>-6</timezone>
	  </developer>
  </developers>

  <organization>
  	<name>E-Biz SOA Frameworks</name>
  </organization>

</project>