-- GUEST USER
INSERT INTO USERS ( USER_ID, UNIQUE_ID, USER_NAME, DOMAIN, FIRST_NAME, LAST_NAME, GENDER
, COUNTRY, LANGUAGE, EMAIL_ADDRESS, TIMEZONE, CREATED_DATE, ENTITY_TYPE ) VALUES ( 
-210927638, 'epi:user.standard;5dd05fb46dc8870a36a2be0a85daa8f1', 'sso_guest_user_bg'
, 'PRMSSPP Web Server Realm', 'Guest', 'SSO_GUEST_USER_bg', 'm', 'BG', 'bg', 'bg@sso_guest_user.com'
, 0,  TO_Date( '08/31/2006 11:47:43 AM', 'MM/DD/YYYY HH:MI:SS AM'), 'epi:user.standard'
); 
INSERT INTO USERS ( USER_ID, UNIQUE_ID, USER_NAME, DOMAIN, FIRST_NAME, LAST_NAME, GENDER
, COUNTRY, LANGUAGE, EMAIL_ADDRESS, TIMEZONE, CREATED_DATE, ENTITY_TYPE ) VALUES ( 
-210927639, 'epi:user.standard;5dd05fb46dc8870a36a2be0a85daa8f2', 'sso_guest_user_cs'
, 'PRMSSPP Web Server Realm', 'Guest', 'SSO_GUEST_USER_cs', 'm', 'CZ', 'cs', 'cs@sso_guest_user.com'
, 0,  TO_Date( '08/31/2006 11:47:43 AM', 'MM/DD/YYYY HH:MI:SS AM'), 'epi:user.standard'
); 
INSERT INTO USERS ( USER_ID, UNIQUE_ID, USER_NAME, DOMAIN, FIRST_NAME, LAST_NAME, GENDER
, COUNTRY, LANGUAGE, EMAIL_ADDRESS, TIMEZONE, CREATED_DATE, ENTITY_TYPE ) VALUES ( 
-210927640, 'epi:user.standard;5dd05fb46dc8870a36a2be0a85daa8f3', 'sso_guest_user_da'
, 'PRMSSPP Web Server Realm', 'Guest', 'SSO_GUEST_USER_da', 'm', 'DK', 'da', 'da@sso_guest_user.com'
, 0,  TO_Date( '08/31/2006 11:47:43 AM', 'MM/DD/YYYY HH:MI:SS AM'), 'epi:user.standard'
); 
INSERT INTO USERS ( USER_ID, UNIQUE_ID, USER_NAME, DOMAIN, FIRST_NAME, LAST_NAME, GENDER
, COUNTRY, LANGUAGE, EMAIL_ADDRESS, TIMEZONE, CREATED_DATE, ENTITY_TYPE ) VALUES ( 
-210927641, 'epi:user.standard;5dd05fb46dc8870a36a2be0a85daa8f4', 'sso_guest_user_de'
, 'PRMSSPP Web Server Realm', 'Guest', 'SSO_GUEST_USER_de', 'm', 'DE', 'de', 'de@sso_guest_user.com'
, 0,  TO_Date( '08/31/2006 11:47:43 AM', 'MM/DD/YYYY HH:MI:SS AM'), 'epi:user.standard'
); 
INSERT INTO USERS ( USER_ID, UNIQUE_ID, USER_NAME, DOMAIN, FIRST_NAME, LAST_NAME, GENDER
, COUNTRY, LANGUAGE, EMAIL_ADDRESS, TIMEZONE, CREATED_DATE, ENTITY_TYPE ) VALUES ( 
-210927642, 'epi:user.standard;5dd05fb46dc8870a36a2be0a85daa8f5', 'sso_guest_user_el'
, 'PRMSSPP Web Server Realm', 'Guest', 'SSO_GUEST_USER_el', 'm', 'GR', 'el', 'el@sso_guest_user.com'
, 0,  TO_Date( '08/31/2006 11:47:43 AM', 'MM/DD/YYYY HH:MI:SS AM'), 'epi:user.standard'
); 
INSERT INTO USERS ( USER_ID, UNIQUE_ID, USER_NAME, DOMAIN, FIRST_NAME, LAST_NAME, GENDER
, COUNTRY, LANGUAGE, EMAIL_ADDRESS, TIMEZONE, CREATED_DATE, ENTITY_TYPE ) VALUES ( 
-682376413, 'epi:user.standard;698496d719858aa24610829a85daa8f0', 'sso_guest_user_en'
, 'PRMSSPP Web Server Realm', 'Guest', 'SSO_GUEST_USER_en', 'm', 'US', 'en', 'en@sso_guest_user.com'
, 0,  TO_Date( '08/31/2006 02:18:39 PM', 'MM/DD/YYYY HH:MI:SS AM'), 'epi:user.standard'
); 
INSERT INTO USERS ( USER_ID, UNIQUE_ID, USER_NAME, DOMAIN, FIRST_NAME, LAST_NAME, GENDER
, COUNTRY, LANGUAGE, EMAIL_ADDRESS, TIMEZONE, CREATED_DATE, ENTITY_TYPE ) VALUES ( 
-210927643, 'epi:user.standard;5dd05fb46dc8870a36a2be0a85daa8f6', 'sso_guest_user_es'
, 'PRMSSPP Web Server Realm', 'Guest', 'SSO_GUEST_USER_es', 'm', 'ES', 'es', 'es@sso_guest_user.com'
, 0,  TO_Date( '08/31/2006 11:47:43 AM', 'MM/DD/YYYY HH:MI:SS AM'), 'epi:user.standard'
); 
INSERT INTO USERS ( USER_ID, UNIQUE_ID, USER_NAME, DOMAIN, FIRST_NAME, LAST_NAME, GENDER
, COUNTRY, LANGUAGE, EMAIL_ADDRESS, TIMEZONE, CREATED_DATE, ENTITY_TYPE ) VALUES ( 
-210927644, 'epi:user.standard;5dd05fb46dc8870a36a2be0a85daa8f7', 'sso_guest_user_fi'
, 'PRMSSPP Web Server Realm', 'Guest', 'SSO_GUEST_USER_fi', 'm', 'FI', 'fi', 'fi@sso_guest_user.com'
, 0,  TO_Date( '08/31/2006 11:47:43 AM', 'MM/DD/YYYY HH:MI:SS AM'), 'epi:user.standard'
); 
INSERT INTO USERS ( USER_ID, UNIQUE_ID, USER_NAME, DOMAIN, FIRST_NAME, LAST_NAME, GENDER
, COUNTRY, LANGUAGE, EMAIL_ADDRESS, TIMEZONE, CREATED_DATE, ENTITY_TYPE ) VALUES ( 
1223349377, 'epi:user.standard;36cdff06b63cf4b24610829a85daa8f0', 'sso_guest_user_fr'
, 'PRMSSPP Web Server Realm', 'Guest', 'SSO_GUEST_USER_fr', 'm', 'FR', 'fr', 'fr@sso_guest_user.com'
, 0,  TO_Date( '08/31/2006 02:19:22 PM', 'MM/DD/YYYY HH:MI:SS AM'), 'epi:user.standard'
); 
INSERT INTO USERS ( USER_ID, UNIQUE_ID, USER_NAME, DOMAIN, FIRST_NAME, LAST_NAME, GENDER
, COUNTRY, LANGUAGE, EMAIL_ADDRESS, TIMEZONE, CREATED_DATE, ENTITY_TYPE ) VALUES ( 
-210927645, 'epi:user.standard;5dd05fb46dc8870a36a2be0a85daa8f8', 'sso_guest_user_hr'
, 'PRMSSPP Web Server Realm', 'Guest', 'SSO_GUEST_USER_hr', 'm', 'HR', 'hr', 'hr@sso_guest_user.com'
, 0,  TO_Date( '08/31/2006 11:47:43 AM', 'MM/DD/YYYY HH:MI:SS AM'), 'epi:user.standard'
); 
INSERT INTO USERS ( USER_ID, UNIQUE_ID, USER_NAME, DOMAIN, FIRST_NAME, LAST_NAME, GENDER
, COUNTRY, LANGUAGE, EMAIL_ADDRESS, TIMEZONE, CREATED_DATE, ENTITY_TYPE ) VALUES ( 
-210927646, 'epi:user.standard;5dd05fb46dc8870a36a2be0a85daa8f9', 'sso_guest_user_hu'
, 'PRMSSPP Web Server Realm', 'Guest', 'SSO_GUEST_USER_hu', 'm', 'HU', 'hu', 'hu@sso_guest_user.com'
, 0,  TO_Date( '08/31/2006 11:47:43 AM', 'MM/DD/YYYY HH:MI:SS AM'), 'epi:user.standard'
); 
INSERT INTO USERS ( USER_ID, UNIQUE_ID, USER_NAME, DOMAIN, FIRST_NAME, LAST_NAME, GENDER
, COUNTRY, LANGUAGE, EMAIL_ADDRESS, TIMEZONE, CREATED_DATE, ENTITY_TYPE ) VALUES ( 
-210927647, 'epi:user.standard;5dd05fb46dc8870a36a2be0a85daa9f0', 'sso_guest_user_it'
, 'PRMSSPP Web Server Realm', 'Guest', 'SSO_GUEST_USER_it', 'm', 'IT', 'it', 'it@sso_guest_user.com'
, 0,  TO_Date( '08/31/2006 11:47:43 AM', 'MM/DD/YYYY HH:MI:SS AM'), 'epi:user.standard'
); 
INSERT INTO USERS ( USER_ID, UNIQUE_ID, USER_NAME, DOMAIN, FIRST_NAME, LAST_NAME, GENDER
, COUNTRY, LANGUAGE, EMAIL_ADDRESS, TIMEZONE, CREATED_DATE, ENTITY_TYPE ) VALUES ( 
-210927648, 'epi:user.standard;5dd05fb46dc8870a36a2be0a85daa9f1', 'sso_guest_user_nl'
, 'PRMSSPP Web Server Realm', 'Guest', 'SSO_GUEST_USER_nl', 'm', 'NL', 'nl', 'nl@sso_guest_user.com'
, 0,  TO_Date( '08/31/2006 11:47:43 AM', 'MM/DD/YYYY HH:MI:SS AM'), 'epi:user.standard'
); 
INSERT INTO USERS ( USER_ID, UNIQUE_ID, USER_NAME, DOMAIN, FIRST_NAME, LAST_NAME, GENDER
, COUNTRY, LANGUAGE, EMAIL_ADDRESS, TIMEZONE, CREATED_DATE, ENTITY_TYPE ) VALUES ( 
-210927649, 'epi:user.standard;5dd05fb46dc8870a36a2be0a85daa9f2', 'sso_guest_user_no'
, 'PRMSSPP Web Server Realm', 'Guest', 'SSO_GUEST_USER_no', 'm', 'NO', 'no', 'no@sso_guest_user.com'
, 0,  TO_Date( '08/31/2006 11:47:43 AM', 'MM/DD/YYYY HH:MI:SS AM'), 'epi:user.standard'
); 
INSERT INTO USERS ( USER_ID, UNIQUE_ID, USER_NAME, DOMAIN, FIRST_NAME, LAST_NAME, GENDER
, COUNTRY, LANGUAGE, EMAIL_ADDRESS, TIMEZONE, CREATED_DATE, ENTITY_TYPE ) VALUES ( 
-210927650, 'epi:user.standard;5dd05fb46dc8870a36a2be0a85daa9f3', 'sso_guest_user_pl'
, 'PRMSSPP Web Server Realm', 'Guest', 'SSO_GUEST_USER_pl', 'm', 'PL', 'pl', 'pl@sso_guest_user.com'
, 0,  TO_Date( '08/31/2006 11:47:43 AM', 'MM/DD/YYYY HH:MI:SS AM'), 'epi:user.standard'
); 
INSERT INTO USERS ( USER_ID, UNIQUE_ID, USER_NAME, DOMAIN, FIRST_NAME, LAST_NAME, GENDER
, COUNTRY, LANGUAGE, EMAIL_ADDRESS, TIMEZONE, CREATED_DATE, ENTITY_TYPE ) VALUES ( 
-210927651, 'epi:user.standard;5dd05fb46dc8870a36a2be0a85daa9f4', 'sso_guest_user_pt'
, 'PRMSSPP Web Server Realm', 'Guest', 'SSO_GUEST_USER_pt', 'm', 'PT', 'pt', 'pt@sso_guest_user.com'
, 0,  TO_Date( '08/31/2006 11:47:43 AM', 'MM/DD/YYYY HH:MI:SS AM'), 'epi:user.standard'
); 
INSERT INTO USERS ( USER_ID, UNIQUE_ID, USER_NAME, DOMAIN, FIRST_NAME, LAST_NAME, GENDER
, COUNTRY, LANGUAGE, EMAIL_ADDRESS, TIMEZONE, CREATED_DATE, ENTITY_TYPE ) VALUES ( 
-210927652, 'epi:user.standard;5dd05fb46dc8870a36a2be0a85daa9f5', 'sso_guest_user_ro'
, 'PRMSSPP Web Server Realm', 'Guest', 'SSO_GUEST_USER_ro', 'm', 'RO', 'ro', 'ro@sso_guest_user.com'
, 0,  TO_Date( '08/31/2006 11:47:43 AM', 'MM/DD/YYYY HH:MI:SS AM'), 'epi:user.standard'
); 
INSERT INTO USERS ( USER_ID, UNIQUE_ID, USER_NAME, DOMAIN, FIRST_NAME, LAST_NAME, GENDER
, COUNTRY, LANGUAGE, EMAIL_ADDRESS, TIMEZONE, CREATED_DATE, ENTITY_TYPE ) VALUES ( 
-210927653, 'epi:user.standard;5dd05fb46dc8870a36a2be0a85daa9f6', 'sso_guest_user_ru'
, 'PRMSSPP Web Server Realm', 'Guest', 'SSO_GUEST_USER_ru', 'm', 'RU', 'ru', 'ru@sso_guest_user.com'
, 0,  TO_Date( '08/31/2006 11:47:43 AM', 'MM/DD/YYYY HH:MI:SS AM'), 'epi:user.standard'
); 
INSERT INTO USERS ( USER_ID, UNIQUE_ID, USER_NAME, DOMAIN, FIRST_NAME, LAST_NAME, GENDER
, COUNTRY, LANGUAGE, EMAIL_ADDRESS, TIMEZONE, CREATED_DATE, ENTITY_TYPE ) VALUES ( 
-210927654, 'epi:user.standard;5dd05fb46dc8870a36a2be0a85daa9f7', 'sso_guest_user_sk'
, 'PRMSSPP Web Server Realm', 'Guest', 'SSO_GUEST_USER_sk', 'm', 'SK', 'sk', 'sk@sso_guest_user.com'
, 0,  TO_Date( '08/31/2006 11:47:43 AM', 'MM/DD/YYYY HH:MI:SS AM'), 'epi:user.standard'
); 
INSERT INTO USERS ( USER_ID, UNIQUE_ID, USER_NAME, DOMAIN, FIRST_NAME, LAST_NAME, GENDER
, COUNTRY, LANGUAGE, EMAIL_ADDRESS, TIMEZONE, CREATED_DATE, ENTITY_TYPE ) VALUES ( 
-210927655, 'epi:user.standard;5dd05fb46dc8870a36a2be0a85daa9f8', 'sso_guest_user_sl'
, 'PRMSSPP Web Server Realm', 'Guest', 'SSO_GUEST_USER_sl', 'm', 'SI', 'sl', 'sl@sso_guest_user.com'
, 0,  TO_Date( '08/31/2006 11:47:43 AM', 'MM/DD/YYYY HH:MI:SS AM'), 'epi:user.standard'
); 
INSERT INTO USERS ( USER_ID, UNIQUE_ID, USER_NAME, DOMAIN, FIRST_NAME, LAST_NAME, GENDER
, COUNTRY, LANGUAGE, EMAIL_ADDRESS, TIMEZONE, CREATED_DATE, ENTITY_TYPE ) VALUES ( 
-210927656, 'epi:user.standard;5dd05fb46dc8870a36a2be0a85daa9f9', 'sso_guest_user_sv'
, 'PRMSSPP Web Server Realm', 'Guest', 'SSO_GUEST_USER_sv', 'm', 'SE', 'sv', 'sv@sso_guest_user.com'
, 0,  TO_Date( '08/31/2006 11:47:43 AM', 'MM/DD/YYYY HH:MI:SS AM'), 'epi:user.standard'
); 
INSERT INTO USERS ( USER_ID, UNIQUE_ID, USER_NAME, DOMAIN, FIRST_NAME, LAST_NAME, GENDER
, COUNTRY, LANGUAGE, EMAIL_ADDRESS, TIMEZONE, CREATED_DATE, ENTITY_TYPE ) VALUES ( 
-210927657, 'epi:user.standard;5dd05fb46dc8870a36a2be0a85daa9fa', 'sso_guest_user_tr'
, 'PRMSSPP Web Server Realm', 'Guest', 'SSO_GUEST_USER_tr', 'm', 'TR', 'tr', 'tr@sso_guest_user.com'
, 0,  TO_Date( '08/31/2006 11:47:43 AM', 'MM/DD/YYYY HH:MI:SS AM'), 'epi:user.standard'
); 
INSERT INTO USERS ( USER_ID, UNIQUE_ID, USER_NAME, DOMAIN, FIRST_NAME, LAST_NAME, GENDER
, COUNTRY, LANGUAGE, EMAIL_ADDRESS, TIMEZONE, CREATED_DATE, ENTITY_TYPE ) VALUES ( 
-671817180,'epi:user.standard;708643c4ecb89e5758a26d10e8039e01','sso_guest_user_en-gb'
, 'PRMSSPP Web Server Realm', 'Guest', 'SSO_GUEST_USER_en-gb', 'm', 'GB', 'en_GB', 'en_gb@sso_guest_user.com'
, 0,  TO_Date( '08/31/2006 11:47:43 AM', 'MM/DD/YYYY HH:MI:SS AM'), 'epi:user.standard'
); 
INSERT INTO USERS ( USER_ID, UNIQUE_ID, USER_NAME, DOMAIN, FIRST_NAME, LAST_NAME, GENDER
, COUNTRY, LANGUAGE, EMAIL_ADDRESS, TIMEZONE, CREATED_DATE, ENTITY_TYPE ) VALUES ( 
638518606,'epi:user.standard;ecb06a659112ce5758a26d10e8039e01','sso_guest_user_fr-ca'
, 'PRMSSPP Web Server Realm', 'Guest', 'SSO_GUEST_USER_fr-ca', 'm', 'CA', 'fr', 'fr_ca@sso_guest_user.com'
, 0,  TO_Date( '08/31/2006 11:47:43 AM', 'MM/DD/YYYY HH:MI:SS AM'), 'epi:user.standard'
); 

-- SPP_PORTAL
INSERT INTO SPP_PORTAL ( NAME, LANDING_PAGE, LOCALE_IN_URL, HOME_PAGE, PORTLET_ID, HPAPPID, LOGOUT_PAGE, UPS_QUERY_ID ) VALUES ( 
'sppportal', 'publicsppportal/menuitem.47729479d29138ac0bc0c41085daa8f0', 0, '16ab47298ab4119878f8e96885daa8f0'
, 'ff42d0bc6e8a74a8ca66bfb385daa8f0', 'SPPPORTAL', NULL, 'sppportal_HPP_Core'); 
INSERT INTO SPP_PORTAL ( NAME, LANDING_PAGE, LOCALE_IN_URL, HOME_PAGE, PORTLET_ID, HPAPPID, LOGOUT_PAGE, UPS_QUERY_ID ) VALUES ( 
'sppqa', 'publicsppqa/menuitem.eb64825d42071d5d279ac31085daa8f0', 0, 'cdd7a4c978685937bafcba1c85daa8f0'
, 'ff42d0bc6e8a74a8ca66bfb385daa8f0', 'SPPQA', NULL, 'sppqa_HPP_All'); 
INSERT INTO SPP_PORTAL ( NAME, LANDING_PAGE, LOCALE_IN_URL, HOME_PAGE, PORTLET_ID, HPAPPID, LOGOUT_PAGE, UPS_QUERY_ID ) VALUES ( 
'console', 'console/menuitem.604befba6e8d67446d191c4d85daa8f0', 0, NULL, 'ff42d0bc6e8a74a8ca66bfb385daa8f0'
, 'SPPCONSOLE', NULL, NULL); 

-- SPP_ERROR_CODE
INSERT INTO SPP_ERROR_CODE ( ERROR_CODE ) VALUES ( 
0); 
INSERT INTO SPP_ERROR_CODE ( ERROR_CODE ) VALUES ( 
2); 
INSERT INTO SPP_ERROR_CODE ( ERROR_CODE ) VALUES ( 
3); 
INSERT INTO SPP_ERROR_CODE ( ERROR_CODE ) VALUES ( 
50001); 
INSERT INTO SPP_ERROR_CODE ( ERROR_CODE ) VALUES ( 
50003); 
INSERT INTO SPP_ERROR_CODE ( ERROR_CODE ) VALUES ( 
50004); 
INSERT INTO SPP_ERROR_CODE ( ERROR_CODE ) VALUES ( 
50006); 
INSERT INTO SPP_ERROR_CODE ( ERROR_CODE ) VALUES ( 
50007); 
INSERT INTO SPP_ERROR_CODE ( ERROR_CODE ) VALUES ( 
50008); 
INSERT INTO SPP_ERROR_CODE ( ERROR_CODE ) VALUES ( 
50009); 
INSERT INTO SPP_ERROR_CODE ( ERROR_CODE ) VALUES ( 
50010); 
INSERT INTO SPP_ERROR_CODE ( ERROR_CODE ) VALUES ( 
50011); 
INSERT INTO SPP_ERROR_CODE ( ERROR_CODE ) VALUES ( 
50013); 
INSERT INTO SPP_ERROR_CODE ( ERROR_CODE ) VALUES ( 
50014); 

-- SPP_CONFIG_ENTRY
INSERT INTO SPP_CONFIG_ENTRY ( NAME, VALUE, TYPE, REQUIRED, READ_ONLY, DESCRIPTION ) VALUES ( 
'SPP.search.PortalEngineClassName', 'com.hp.spp.search.vap.VignettePortalEngine', 'S'
, 'Y', 'N', NULL); 

-- SPP_WORKFLOW_ERROR
INSERT INTO SPP_WORKFLOW_ERROR ( PORTAL, ERROR_CODE, TARGET_URL, DISPLAY_MESSAGE ) VALUES ( 
'smartportal', 0, 'LANDING_PAGE', 1); 
INSERT INTO SPP_WORKFLOW_ERROR ( PORTAL, ERROR_CODE, TARGET_URL, DISPLAY_MESSAGE ) VALUES ( 
'smartportal', 2, 'LANDING_PAGE', 1); 
INSERT INTO SPP_WORKFLOW_ERROR ( PORTAL, ERROR_CODE, TARGET_URL, DISPLAY_MESSAGE ) VALUES ( 
'smartportal', 3, 'LANDING_PAGE', 1); 
INSERT INTO SPP_WORKFLOW_ERROR ( PORTAL, ERROR_CODE, TARGET_URL, DISPLAY_MESSAGE ) VALUES ( 
'smartportal', 50001, 'LANDING_PAGE', 1); 
INSERT INTO SPP_WORKFLOW_ERROR ( PORTAL, ERROR_CODE, TARGET_URL, DISPLAY_MESSAGE ) VALUES ( 
'smartportal', 50003, 'LANDING_PAGE', 1); 
INSERT INTO SPP_WORKFLOW_ERROR ( PORTAL, ERROR_CODE, TARGET_URL, DISPLAY_MESSAGE ) VALUES ( 
'smartportal', 50004, 'LANDING_PAGE', 1); 
INSERT INTO SPP_WORKFLOW_ERROR ( PORTAL, ERROR_CODE, TARGET_URL, DISPLAY_MESSAGE ) VALUES ( 
'smartportal', 50006, 'LANDING_PAGE', 1); 
INSERT INTO SPP_WORKFLOW_ERROR ( PORTAL, ERROR_CODE, TARGET_URL, DISPLAY_MESSAGE ) VALUES ( 
'smartportal', 50007, 'LANDING_PAGE', 1); 
INSERT INTO SPP_WORKFLOW_ERROR ( PORTAL, ERROR_CODE, TARGET_URL, DISPLAY_MESSAGE ) VALUES ( 
'smartportal', 50008, 'LANDING_PAGE', 1); 
INSERT INTO SPP_WORKFLOW_ERROR ( PORTAL, ERROR_CODE, TARGET_URL, DISPLAY_MESSAGE ) VALUES ( 
'smartportal', 50009, 'LANDING_PAGE', 1); 
INSERT INTO SPP_WORKFLOW_ERROR ( PORTAL, ERROR_CODE, TARGET_URL, DISPLAY_MESSAGE ) VALUES ( 
'smartportal', 50010, 'LANDING_PAGE', 1); 
INSERT INTO SPP_WORKFLOW_ERROR ( PORTAL, ERROR_CODE, TARGET_URL, DISPLAY_MESSAGE ) VALUES ( 
'smartportal', 50011, 'LANDING_PAGE', 1); 
INSERT INTO SPP_WORKFLOW_ERROR ( PORTAL, ERROR_CODE, TARGET_URL, DISPLAY_MESSAGE ) VALUES ( 
'smartportal', 50013, 'LANDING_PAGE', 1); 
INSERT INTO SPP_WORKFLOW_ERROR ( PORTAL, ERROR_CODE, TARGET_URL, DISPLAY_MESSAGE ) VALUES ( 
'smartportal', 50014, 'LANDING_PAGE', 1); 
INSERT INTO SPP_WORKFLOW_ERROR ( PORTAL, ERROR_CODE, TARGET_URL, DISPLAY_MESSAGE ) VALUES ( 
'sppqa', 0, 'LANDING_PAGE', 1); 
INSERT INTO SPP_WORKFLOW_ERROR ( PORTAL, ERROR_CODE, TARGET_URL, DISPLAY_MESSAGE ) VALUES ( 
'sppqa', 2, 'LANDING_PAGE', 1); 
INSERT INTO SPP_WORKFLOW_ERROR ( PORTAL, ERROR_CODE, TARGET_URL, DISPLAY_MESSAGE ) VALUES ( 
'sppqa', 3, 'LANDING_PAGE', 1); 
INSERT INTO SPP_WORKFLOW_ERROR ( PORTAL, ERROR_CODE, TARGET_URL, DISPLAY_MESSAGE ) VALUES ( 
'sppqa', 50001, 'LANDING_PAGE', 1); 
INSERT INTO SPP_WORKFLOW_ERROR ( PORTAL, ERROR_CODE, TARGET_URL, DISPLAY_MESSAGE ) VALUES ( 
'sppqa', 50003, 'LANDING_PAGE', 1); 
INSERT INTO SPP_WORKFLOW_ERROR ( PORTAL, ERROR_CODE, TARGET_URL, DISPLAY_MESSAGE ) VALUES ( 
'sppqa', 50004, 'LANDING_PAGE', 1); 
INSERT INTO SPP_WORKFLOW_ERROR ( PORTAL, ERROR_CODE, TARGET_URL, DISPLAY_MESSAGE ) VALUES ( 
'sppqa', 50006, 'LANDING_PAGE', 1); 
INSERT INTO SPP_WORKFLOW_ERROR ( PORTAL, ERROR_CODE, TARGET_URL, DISPLAY_MESSAGE ) VALUES ( 
'sppqa', 50007, 'LANDING_PAGE', 1); 
INSERT INTO SPP_WORKFLOW_ERROR ( PORTAL, ERROR_CODE, TARGET_URL, DISPLAY_MESSAGE ) VALUES ( 
'sppqa', 50008, 'LANDING_PAGE', 1); 
INSERT INTO SPP_WORKFLOW_ERROR ( PORTAL, ERROR_CODE, TARGET_URL, DISPLAY_MESSAGE ) VALUES ( 
'sppqa', 50009, 'LANDING_PAGE', 1); 
INSERT INTO SPP_WORKFLOW_ERROR ( PORTAL, ERROR_CODE, TARGET_URL, DISPLAY_MESSAGE ) VALUES ( 
'sppqa', 50010, 'LANDING_PAGE', 1); 
INSERT INTO SPP_WORKFLOW_ERROR ( PORTAL, ERROR_CODE, TARGET_URL, DISPLAY_MESSAGE ) VALUES ( 
'sppqa', 50011, 'LANDING_PAGE', 1); 
INSERT INTO SPP_WORKFLOW_ERROR ( PORTAL, ERROR_CODE, TARGET_URL, DISPLAY_MESSAGE ) VALUES ( 
'sppqa', 50013, 'LANDING_PAGE', 1); 
INSERT INTO SPP_WORKFLOW_ERROR ( PORTAL, ERROR_CODE, TARGET_URL, DISPLAY_MESSAGE ) VALUES ( 
'sppqa', 50014, 'LANDING_PAGE', 1); 
INSERT INTO spp_workflow_error (PORTAL,ERROR_CODE,TARGET_URL,DISPLAY_MESSAGE) VALUES ('console','0','LANDING_PAGE','1');
INSERT INTO spp_workflow_error (PORTAL,ERROR_CODE,TARGET_URL,DISPLAY_MESSAGE) VALUES ('console','2','LANDING_PAGE','1');
INSERT INTO spp_workflow_error (PORTAL,ERROR_CODE,TARGET_URL,DISPLAY_MESSAGE) VALUES ('console','3','LANDING_PAGE','1');
INSERT INTO spp_workflow_error (PORTAL,ERROR_CODE,TARGET_URL,DISPLAY_MESSAGE) VALUES ('console','50001','LANDING_PAGE','1');
INSERT INTO spp_workflow_error (PORTAL,ERROR_CODE,TARGET_URL,DISPLAY_MESSAGE) VALUES ('console','50003','LANDING_PAGE','1');
INSERT INTO spp_workflow_error (PORTAL,ERROR_CODE,TARGET_URL,DISPLAY_MESSAGE) VALUES ('console','50004','LANDING_PAGE','1');
INSERT INTO spp_workflow_error (PORTAL,ERROR_CODE,TARGET_URL,DISPLAY_MESSAGE) VALUES ('console','50006','LANDING_PAGE','1');
INSERT INTO spp_workflow_error (PORTAL,ERROR_CODE,TARGET_URL,DISPLAY_MESSAGE) VALUES ('console','50007','LANDING_PAGE','1');
INSERT INTO spp_workflow_error (PORTAL,ERROR_CODE,TARGET_URL,DISPLAY_MESSAGE) VALUES ('console','50008','LANDING_PAGE','1');
INSERT INTO spp_workflow_error (PORTAL,ERROR_CODE,TARGET_URL,DISPLAY_MESSAGE) VALUES ('console','50009','LANDING_PAGE','1');
INSERT INTO spp_workflow_error (PORTAL,ERROR_CODE,TARGET_URL,DISPLAY_MESSAGE) VALUES ('console','50010','LANDING_PAGE','1');
INSERT INTO spp_workflow_error (PORTAL,ERROR_CODE,TARGET_URL,DISPLAY_MESSAGE) VALUES ('console','50011','LANDING_PAGE','1');
INSERT INTO spp_workflow_error (PORTAL,ERROR_CODE,TARGET_URL,DISPLAY_MESSAGE) VALUES ('console','50013','LANDING_PAGE','1');
INSERT INTO spp_workflow_error (PORTAL,ERROR_CODE,TARGET_URL,DISPLAY_MESSAGE) VALUES ('console','50014','LANDING_PAGE','1');


INSERT INTO SPP_CONTACT_TOPICS ( LANGUAGECODE, TOPICCODE, TOPICLABEL, USERID ) VALUES ( 
'RU', 0, '¿¿¿¿¿, ¿¿¿¿¿¿¿¿¿ ¿ ¿¿¿¿¿¿¿', 'Infoline.pts@hp.com'); 
INSERT INTO SPP_CONTACT_TOPICS ( LANGUAGECODE, TOPICCODE, TOPICLABEL, USERID ) VALUES ( 
'RU', 1, '¿¿¿¿¿¿¿¿¿¿¿ ¿ ¿¿¿¿¿', 'Infoline.pts@hp.com'); 
INSERT INTO SPP_CONTACT_TOPICS ( LANGUAGECODE, TOPICCODE, TOPICLABEL, USERID ) VALUES ( 
'RU', 2, '¿¿¿¿¿¿¿ ¿¿¿¿¿¿¿¿¿¿', 'Infoline.pts@hp.com'); 
INSERT INTO SPP_CONTACT_TOPICS ( LANGUAGECODE, TOPICCODE, TOPICLABEL, USERID ) VALUES ( 
'RU', 7, '¿¿¿¿-¿¿¿¿¿¿¿¿¿ ¿¿¿. ¿¿¿¿¿¿¿¿¿ (¿¿, ¿¿¿¿¿¿¿, ¿¿¿¿¿¿¿¿¿¿ ¿¿¿¿¿¿¿¿ ¿¿¿¿¿¿)'
, 'info.center@hp.com'); 
INSERT INTO SPP_CONTACT_TOPICS ( LANGUAGECODE, TOPICCODE, TOPICLABEL, USERID ) VALUES ( 
'RU', 3, '¿¿¿¿¿¿ ¿¿¿¿¿¿¿', 'Infoline.pts@hp.com'); 
INSERT INTO SPP_CONTACT_TOPICS ( LANGUAGECODE, TOPICCODE, TOPICLABEL, USERID ) VALUES ( 
'RU', 4, '¿¿¿¿¿¿¿¿¿¿', 'Infoline.pts@hp.com'); 
INSERT INTO SPP_CONTACT_TOPICS ( LANGUAGECODE, TOPICCODE, TOPICLABEL, USERID ) VALUES ( 
'RU', 5, '¿¿¿¿¿¿¿¿¿¿ ¿¿¿¿¿¿ ¿ ¿¿¿¿¿¿ ¿¿¿¿¿¿¿¿¿¿', 'Infoline.pts@hp.com'); 
INSERT INTO SPP_CONTACT_TOPICS ( LANGUAGECODE, TOPICCODE, TOPICLABEL, USERID ) VALUES ( 
'RU', 6, '¿¿¿¿¿¿ ¿¿¿¿¿¿¿¿¿¿', 'Infoline.pts@hp.com'); 
INSERT INTO SPP_CONTACT_TOPICS ( LANGUAGECODE, TOPICCODE, TOPICLABEL, USERID ) VALUES ( 
'SL', 0, 'Prijava, Pot in profiliranje', 'Infoline.pts@hp.com'); 
INSERT INTO SPP_CONTACT_TOPICS ( LANGUAGECODE, TOPICCODE, TOPICLABEL, USERID ) VALUES ( 
'SL', 1, 'Povezava na stran', 'Infoline.pts@hp.com'); 
INSERT INTO SPP_CONTACT_TOPICS ( LANGUAGECODE, TOPICCODE, TOPICLABEL, USERID ) VALUES ( 
'SL', 2, 'Cene in opisi izdelkov', 'Infoline.pts@hp.com'); 
INSERT INTO SPP_CONTACT_TOPICS ( LANGUAGECODE, TOPICCODE, TOPICLABEL, USERID ) VALUES ( 
'SL', 3, 'Status naro¿il', 'Infoline.pts@hp.com'); 
INSERT INTO SPP_CONTACT_TOPICS ( LANGUAGECODE, TOPICCODE, TOPICLABEL, USERID ) VALUES ( 
'SL', 4, 'Prodajna literatura', 'Infoline.pts@hp.com'); 
INSERT INTO SPP_CONTACT_TOPICS ( LANGUAGECODE, TOPICCODE, TOPICLABEL, USERID ) VALUES ( 
'SL', 5, 'Vsebina brošur in ostalih dokumentov', 'Infoline.pts@hp.com'); 
INSERT INTO SPP_CONTACT_TOPICS ( LANGUAGECODE, TOPICCODE, TOPICLABEL, USERID ) VALUES ( 
'SL', 6, 'Kontakti', 'Infoline.pts@hp.com'); 
INSERT INTO SPP_CONTACT_TOPICS ( LANGUAGECODE, TOPICCODE, TOPICLABEL, USERID ) VALUES ( 
'SL', 7, 'Predprodajna in tehni¿na pomo¿(strežniki, shranjevalne enote, PC-ji)', 'info.center@hp.com'); 
INSERT INTO SPP_CONTACT_TOPICS ( LANGUAGECODE, TOPICCODE, TOPICLABEL, USERID ) VALUES ( 
'SK', 0, 'Login, navigácia a zmena profilu', 'Infoline.pts@hp.com'); 
INSERT INTO SPP_CONTACT_TOPICS ( LANGUAGECODE, TOPICCODE, TOPICLABEL, USERID ) VALUES ( 
'SK', 1, 'Prístup na portál', 'Infoline.pts@hp.com'); 
INSERT INTO SPP_CONTACT_TOPICS ( LANGUAGECODE, TOPICCODE, TOPICLABEL, USERID ) VALUES ( 
'SK', 2, 'Produkty a ceny', 'Infoline.pts@hp.com'); 
INSERT INTO SPP_CONTACT_TOPICS ( LANGUAGECODE, TOPICCODE, TOPICLABEL, USERID ) VALUES ( 
'SK', 3, 'Stav objednávok', 'Infoline.pts@hp.com'); 
INSERT INTO SPP_CONTACT_TOPICS ( LANGUAGECODE, TOPICCODE, TOPICLABEL, USERID ) VALUES ( 
'SK', 4, 'Obchodná literatúra', 'Infoline.pts@hp.com'); 
INSERT INTO SPP_CONTACT_TOPICS ( LANGUAGECODE, TOPICCODE, TOPICLABEL, USERID ) VALUES ( 
'SK', 5, 'Obsah brožúr a iných dokumentov', 'Infoline.pts@hp.com'); 
INSERT INTO SPP_CONTACT_TOPICS ( LANGUAGECODE, TOPICCODE, TOPICLABEL, USERID ) VALUES ( 
'SK', 6, 'Stav kontraktu', 'Infoline.pts@hp.com'); 
INSERT INTO SPP_CONTACT_TOPICS ( LANGUAGECODE, TOPICCODE, TOPICLABEL, USERID ) VALUES ( 
'SK', 7, 'Technický support (servery, storage, PC)', 'info.center@hp.com'); 
INSERT INTO SPP_CONTACT_TOPICS ( LANGUAGECODE, TOPICCODE, TOPICLABEL, USERID ) VALUES ( 
'SV', 0, 'Påloggning, navigering och profilering', 'Infoline.pts@hp.com'); 
INSERT INTO SPP_CONTACT_TOPICS ( LANGUAGECODE, TOPICCODE, TOPICLABEL, USERID ) VALUES ( 
'SV', 1, 'Uppkoppling till webbplatsen', 'Infoline.pts@hp.com'); 
INSERT INTO SPP_CONTACT_TOPICS ( LANGUAGECODE, TOPICCODE, TOPICLABEL, USERID ) VALUES ( 
'SV', 2, 'Produktpriser', 'Infoline.pts@hp.com'); 
INSERT INTO SPP_CONTACT_TOPICS ( LANGUAGECODE, TOPICCODE, TOPICLABEL, USERID ) VALUES ( 
'SV', 3, 'Orderstatus', 'Infoline.pts@hp.com'); 
INSERT INTO SPP_CONTACT_TOPICS ( LANGUAGECODE, TOPICCODE, TOPICLABEL, USERID ) VALUES ( 
'SV', 4, 'Datablad', 'Infoline.pts@hp.com'); 
INSERT INTO SPP_CONTACT_TOPICS ( LANGUAGECODE, TOPICCODE, TOPICLABEL, USERID ) VALUES ( 
'SV', 5, 'Innehåll i datablad och andra dokument', 'Infoline.pts@hp.com'); 
INSERT INTO SPP_CONTACT_TOPICS ( LANGUAGECODE, TOPICCODE, TOPICLABEL, USERID ) VALUES ( 
'SV', 6, 'Avtalsstatus', 'Infoline.pts@hp.com'); 
INSERT INTO SPP_CONTACT_TOPICS ( LANGUAGECODE, TOPICCODE, TOPICLABEL, USERID ) VALUES ( 
'SV', 7, 'Teknisk presalesupport (servrar, storage, PC)', 'info.center@hp.com'); 
INSERT INTO SPP_CONTACT_TOPICS ( LANGUAGECODE, TOPICCODE, TOPICLABEL, USERID ) VALUES ( 
'TR', 0, 'Oturumu ac, Navigasyon ve profil olusturma', 'Infoline.pts@hp.com'); 
INSERT INTO SPP_CONTACT_TOPICS ( LANGUAGECODE, TOPICCODE, TOPICLABEL, USERID ) VALUES ( 
'TR', 1, 'Web sitesine baglaniyor', 'Infoline.pts@hp.com'); 
INSERT INTO SPP_CONTACT_TOPICS ( LANGUAGECODE, TOPICCODE, TOPICLABEL, USERID ) VALUES ( 
'TR', 2, 'Urun fiyatlari ve profil olusturma', 'Infoline.pts@hp.com'); 
INSERT INTO SPP_CONTACT_TOPICS ( LANGUAGECODE, TOPICCODE, TOPICLABEL, USERID ) VALUES ( 
'TR', 3, 'Siparis durumu', 'Infoline.pts@hp.com'); 
INSERT INTO SPP_CONTACT_TOPICS ( LANGUAGECODE, TOPICCODE, TOPICLABEL, USERID ) VALUES ( 
'TR', 4, 'Satis kurallari', 'Infoline.pts@hp.com'); 
INSERT INTO SPP_CONTACT_TOPICS ( LANGUAGECODE, TOPICCODE, TOPICLABEL, USERID ) VALUES ( 
'TR', 5, 'Brosur ve diger belgelerin icerigi', 'Infoline.pts@hp.com'); 
INSERT INTO SPP_CONTACT_TOPICS ( LANGUAGECODE, TOPICCODE, TOPICLABEL, USERID ) VALUES ( 
'TR', 6, 'Baglanti durumu', 'Infoline.pts@hp.com'); 
INSERT INTO SPP_CONTACT_TOPICS ( LANGUAGECODE, TOPICCODE, TOPICLABEL, USERID ) VALUES ( 
'TR', 7, 'Satis oncesi teknik destek (sunucular, depolama urunleri, bilgisayarlar)'
, 'info.center@hp.com'); 
INSERT INTO SPP_CONTACT_TOPICS ( LANGUAGECODE, TOPICCODE, TOPICLABEL, USERID ) VALUES ( 
'EN', 8, 'Presales tech support(OpenView)', 'ovconsult@hp.com'); 
INSERT INTO SPP_CONTACT_TOPICS ( LANGUAGECODE, TOPICCODE, TOPICLABEL, USERID ) VALUES ( 
'SK', 8, 'Obchodná technická podpora predaja ( OpenView)', 'ovconsult@hp.com'); 
INSERT INTO SPP_CONTACT_TOPICS ( LANGUAGECODE, TOPICCODE, TOPICLABEL, USERID ) VALUES ( 
'HU', 8, 'Pre-sales technikai támogatás (OpenView)', 'ovconsult@hp.com'); 
INSERT INTO SPP_CONTACT_TOPICS ( LANGUAGECODE, TOPICCODE, TOPICLABEL, USERID ) VALUES ( 
'BG', 8, '¿¿¿¿-¿¿¿¿¿¿¿¿¿¿ ¿¿¿¿¿¿¿¿¿¿ ¿¿¿¿¿¿¿¿¿ (OpenView)', 'ovconsult@hp.com'); 
INSERT INTO SPP_CONTACT_TOPICS ( LANGUAGECODE, TOPICCODE, TOPICLABEL, USERID ) VALUES ( 
'HR', 8, 'Pred prodajna tehnicka podrska (OpenView)', 'ovconsult@hp.com'); 
INSERT INTO SPP_CONTACT_TOPICS ( LANGUAGECODE, TOPICCODE, TOPICLABEL, USERID ) VALUES ( 
'SL', 8, 'Tehni¿na podpora pred prodajo (OpenView)', 'ovconsult@hp.com'); 
INSERT INTO SPP_CONTACT_TOPICS ( LANGUAGECODE, TOPICCODE, TOPICLABEL, USERID ) VALUES ( 
'FR', 8, 'Avant-ventes support technique (OpenView)', 'ovconsult@hp.com'); 
INSERT INTO SPP_CONTACT_TOPICS ( LANGUAGECODE, TOPICCODE, TOPICLABEL, USERID ) VALUES ( 
'EL', 8, ' ¿¿¿¿¿¿¿ ¿¿¿¿¿¿¿¿¿¿ Presales (OpenView)', 'ovconsult@hp.com'); 
INSERT INTO SPP_CONTACT_TOPICS ( LANGUAGECODE, TOPICCODE, TOPICLABEL, USERID ) VALUES ( 
'DA', 8, 'Presales tech support(OpenView)', 'ovconsult@hp.com'); 
INSERT INTO SPP_CONTACT_TOPICS ( LANGUAGECODE, TOPICCODE, TOPICLABEL, USERID ) VALUES ( 
'PT', 8, 'Suporte Técnico de Pré-Venda (OpenView)', 'ovconsult@hp.com'); 
INSERT INTO SPP_CONTACT_TOPICS ( LANGUAGECODE, TOPICCODE, TOPICLABEL, USERID ) VALUES ( 
'CS', 8, 'Presales support (OpenView)', 'ovconsult@hp.com'); 
INSERT INTO SPP_CONTACT_TOPICS ( LANGUAGECODE, TOPICCODE, TOPICLABEL, USERID ) VALUES ( 
'SV', 8, 'Teknisk presalesupport (OpenView)', 'ovconsult@hp.com'); 
INSERT INTO SPP_CONTACT_TOPICS ( LANGUAGECODE, TOPICCODE, TOPICLABEL, USERID ) VALUES ( 
'RU', 8, '¿¿¿¿¿¿¿¿¿¿¿¿¿ ¿¿¿¿¿¿¿¿¿ (OpenView)', 'ovconsult@hp.com'); 
INSERT INTO SPP_CONTACT_TOPICS ( LANGUAGECODE, TOPICCODE, TOPICLABEL, USERID ) VALUES ( 
'NO', 8, 'Teknisk salgsstøtte (HP OpenView)', 'ovconsult@hp.com'); 
INSERT INTO SPP_CONTACT_TOPICS ( LANGUAGECODE, TOPICCODE, TOPICLABEL, USERID ) VALUES ( 
'RO', 8, 'Suport tehnic de prevanzari(OpenView)', 'ovconsult@hp.com'); 
INSERT INTO SPP_CONTACT_TOPICS ( LANGUAGECODE, TOPICCODE, TOPICLABEL, USERID ) VALUES ( 
'PL', 8, 'Przedsprzeda¿ne wsparcie techniczne(OpenView)', 'ovconsult@hp.com'); 
INSERT INTO SPP_CONTACT_TOPICS ( LANGUAGECODE, TOPICCODE, TOPICLABEL, USERID ) VALUES ( 
'IT', 8, 'Supporto tecnico prevendita (OpenView)', 'ovconsult@hp.com'); 
INSERT INTO SPP_CONTACT_TOPICS ( LANGUAGECODE, TOPICCODE, TOPICLABEL, USERID ) VALUES ( 
'FI', 8, 'Presales tekninen tuki (OpenView)', 'ovconsult@hp.com'); 
INSERT INTO SPP_CONTACT_TOPICS ( LANGUAGECODE, TOPICCODE, TOPICLABEL, USERID ) VALUES ( 
'TR', 8, 'Satis oncesi teknik destek (OpenView)', 'ovconsult@hp.com'); 
INSERT INTO SPP_CONTACT_TOPICS ( LANGUAGECODE, TOPICCODE, TOPICLABEL, USERID ) VALUES ( 
'DE', 8, 'Pre-Sales Tech Support (OpenView)', 'ovconsult@hp.com'); 
INSERT INTO SPP_CONTACT_TOPICS ( LANGUAGECODE, TOPICCODE, TOPICLABEL, USERID ) VALUES ( 
'ES', 8, 'Soporte técnico preventa (OpenView)', 'ovconsult@hp.com'); 
INSERT INTO SPP_CONTACT_TOPICS ( LANGUAGECODE, TOPICCODE, TOPICLABEL, USERID ) VALUES ( 
'NL', 8, 'Pre-sales tech support (OpenView)', 'ovconsult@hp.com'); 
INSERT INTO SPP_CONTACT_TOPICS ( LANGUAGECODE, TOPICCODE, TOPICLABEL, USERID ) VALUES ( 
'IX', 8, 'Presales tech support(OpenView)', 'ovconsult@hp.com'); 
INSERT INTO SPP_CONTACT_TOPICS ( LANGUAGECODE, TOPICCODE, TOPICLABEL, USERID ) VALUES ( 
'IX', 0, 'Login, Navigation and profiling', 'Infoline.pts@hp.com'); 
INSERT INTO SPP_CONTACT_TOPICS ( LANGUAGECODE, TOPICCODE, TOPICLABEL, USERID ) VALUES ( 
'IX', 1, 'Connecting to the website', 'Infoline.pts@hp.com'); 
INSERT INTO SPP_CONTACT_TOPICS ( LANGUAGECODE, TOPICCODE, TOPICLABEL, USERID ) VALUES ( 
'IX', 2, 'Product prices and profiling', 'Infoline.pts@hp.com'); 
INSERT INTO SPP_CONTACT_TOPICS ( LANGUAGECODE, TOPICCODE, TOPICLABEL, USERID ) VALUES ( 
'IX', 3, 'Order status', 'Infoline.pts@hp.com'); 
INSERT INTO SPP_CONTACT_TOPICS ( LANGUAGECODE, TOPICCODE, TOPICLABEL, USERID ) VALUES ( 
'IX', 7, 'Presales tech support (servers, storage, PCs)', 'info.center@hp.com'); 
INSERT INTO SPP_CONTACT_TOPICS ( LANGUAGECODE, TOPICCODE, TOPICLABEL, USERID ) VALUES ( 
'IX', 6, 'Contact status', 'Infoline.pts@hp.com'); 
INSERT INTO SPP_CONTACT_TOPICS ( LANGUAGECODE, TOPICCODE, TOPICLABEL, USERID ) VALUES ( 
'IX', 5, 'Content of brochures and other documents', 'Infoline.pts@hp.com'); 
INSERT INTO SPP_CONTACT_TOPICS ( LANGUAGECODE, TOPICCODE, TOPICLABEL, USERID ) VALUES ( 
'IX', 4, 'Sales literature', 'Infoline.pts@hp.com'); 
INSERT INTO SPP_CONTACT_TOPICS ( LANGUAGECODE, TOPICCODE, TOPICLABEL, USERID ) VALUES ( 
'PL', 2, 'Produkty, ceny oraz profilowanie', 'Infoline.pts@hp.com'); 
INSERT INTO SPP_CONTACT_TOPICS ( LANGUAGECODE, TOPICCODE, TOPICLABEL, USERID ) VALUES ( 
'PL', 3, 'Status zamówie¿', 'Infoline.pts@hp.com'); 
INSERT INTO SPP_CONTACT_TOPICS ( LANGUAGECODE, TOPICCODE, TOPICLABEL, USERID ) VALUES ( 
'PL', 5, 'Broszury oraz inne dokumenty', 'Infoline.pts@hp.com'); 
INSERT INTO SPP_CONTACT_TOPICS ( LANGUAGECODE, TOPICCODE, TOPICLABEL, USERID ) VALUES ( 
'PL', 4, 'Literatura', 'Infoline.pts@hp.com'); 
INSERT INTO SPP_CONTACT_TOPICS ( LANGUAGECODE, TOPICCODE, TOPICLABEL, USERID ) VALUES ( 
'PL', 1, 'Dostep do strony', 'Infoline.pts@hp.com'); 
INSERT INTO SPP_CONTACT_TOPICS ( LANGUAGECODE, TOPICCODE, TOPICLABEL, USERID ) VALUES ( 
'PT', 0, 'Iniciar sessão, Navegar e perfilar', 'Infoline.pts@hp.com'); 
INSERT INTO SPP_CONTACT_TOPICS ( LANGUAGECODE, TOPICCODE, TOPICLABEL, USERID ) VALUES ( 
'PT', 7, 'Técnico de suporte pré-vendas (servidores, armazenamento, PCs)', 'info.center@hp.com'); 
INSERT INTO SPP_CONTACT_TOPICS ( LANGUAGECODE, TOPICCODE, TOPICLABEL, USERID ) VALUES ( 
'PT', 6, 'Estado dos contactos', 'Infoline.pts@hp.com'); 
INSERT INTO SPP_CONTACT_TOPICS ( LANGUAGECODE, TOPICCODE, TOPICLABEL, USERID ) VALUES ( 
'PT', 2, 'Preços de produtos e perfilar', 'Infoline.pts@hp.com'); 
INSERT INTO SPP_CONTACT_TOPICS ( LANGUAGECODE, TOPICCODE, TOPICLABEL, USERID ) VALUES ( 
'PT', 3, 'Estado da encomenda', 'Infoline.pts@hp.com'); 
INSERT INTO SPP_CONTACT_TOPICS ( LANGUAGECODE, TOPICCODE, TOPICLABEL, USERID ) VALUES ( 
'PT', 5, 'Índice dos folhetos e outros documentos', 'Infoline.pts@hp.com'); 
INSERT INTO SPP_CONTACT_TOPICS ( LANGUAGECODE, TOPICCODE, TOPICLABEL, USERID ) VALUES ( 
'PT', 4, 'Leitura das vendas', 'Infoline.pts@hp.com'); 
INSERT INTO SPP_CONTACT_TOPICS ( LANGUAGECODE, TOPICCODE, TOPICLABEL, USERID ) VALUES ( 
'PT', 1, 'Conectar ao web site', 'Infoline.pts@hp.com'); 
INSERT INTO SPP_CONTACT_TOPICS ( LANGUAGECODE, TOPICCODE, TOPICLABEL, USERID ) VALUES ( 
'RO', 3, 'Situatia comenzilor', 'Infoline.pts@hp.com'); 
INSERT INTO SPP_CONTACT_TOPICS ( LANGUAGECODE, TOPICCODE, TOPICLABEL, USERID ) VALUES ( 
'RO', 2, 'Preturile produselor si crearea profilului', 'Infoline.pts@hp.com'); 
INSERT INTO SPP_CONTACT_TOPICS ( LANGUAGECODE, TOPICCODE, TOPICLABEL, USERID ) VALUES ( 
'RO', 1, 'Conectarea la website', 'Infoline.pts@hp.com'); 
INSERT INTO SPP_CONTACT_TOPICS ( LANGUAGECODE, TOPICCODE, TOPICLABEL, USERID ) VALUES ( 
'RO', 0, 'Login, Navigare si crearea profilului', 'Infoline.pts@hp.com'); 
INSERT INTO SPP_CONTACT_TOPICS ( LANGUAGECODE, TOPICCODE, TOPICLABEL, USERID ) VALUES ( 
'RO', 4, 'Literatura pentru vanzari', 'Infoline.pts@hp.com'); 
INSERT INTO SPP_CONTACT_TOPICS ( LANGUAGECODE, TOPICCODE, TOPICLABEL, USERID ) VALUES ( 
'RO', 5, 'Continutul brosurilor si al altor documente', 'Infoline.pts@hp.com'); 
INSERT INTO SPP_CONTACT_TOPICS ( LANGUAGECODE, TOPICCODE, TOPICLABEL, USERID ) VALUES ( 
'RO', 6, 'Situatia contactelor', 'Infoline.pts@hp.com'); 
INSERT INTO SPP_CONTACT_TOPICS ( LANGUAGECODE, TOPICCODE, TOPICLABEL, USERID ) VALUES ( 
'RO', 7, 'Suport tehnic pentru pre-vanzari (servere, stocare, PC-uri)', 'info.center@hp.com'); 
INSERT INTO SPP_CONTACT_TOPICS ( LANGUAGECODE, TOPICCODE, TOPICLABEL, USERID ) VALUES ( 
'RO', 7, 'Suport tehnic pentru pre-vanzari (servere, stocare, PC-uri)', 'info.center@hp.com'); 
INSERT INTO SPP_CONTACT_TOPICS ( LANGUAGECODE, TOPICCODE, TOPICLABEL, USERID ) VALUES ( 
'DE', 2, 'Produktpreise und Profiling', 'Infoline.pts@hp.com'); 
INSERT INTO SPP_CONTACT_TOPICS ( LANGUAGECODE, TOPICCODE, TOPICLABEL, USERID ) VALUES ( 
'DE', 4, 'Verakufsliteratur', 'Infoline.pts@hp.com'); 
INSERT INTO SPP_CONTACT_TOPICS ( LANGUAGECODE, TOPICCODE, TOPICLABEL, USERID ) VALUES ( 
'DE', 7, 'Vorverkauf (Presales) technischer Support (Server, Storage, PCs)', 'info.center@hp.com'); 
INSERT INTO SPP_CONTACT_TOPICS ( LANGUAGECODE, TOPICCODE, TOPICLABEL, USERID ) VALUES ( 
'DE', 0, 'Login, Navigation and Selbstdarstellung (Profiling)', 'Infoline.pts@hp.com'); 
INSERT INTO SPP_CONTACT_TOPICS ( LANGUAGECODE, TOPICCODE, TOPICLABEL, USERID ) VALUES ( 
'DE', 6, 'Kontaktstatus', 'Infoline.pts@hp.com'); 
INSERT INTO SPP_CONTACT_TOPICS ( LANGUAGECODE, TOPICCODE, TOPICLABEL, USERID ) VALUES ( 
'DE', 5, 'Inhalt von Broschüren und anderen Dokumenten', 'Infoline.pts@hp.com'); 
INSERT INTO SPP_CONTACT_TOPICS ( LANGUAGECODE, TOPICCODE, TOPICLABEL, USERID ) VALUES ( 
'DE', 3, 'Bestellstatus', 'Infoline.pts@hp.com'); 
INSERT INTO SPP_CONTACT_TOPICS ( LANGUAGECODE, TOPICCODE, TOPICLABEL, USERID ) VALUES ( 
'EL', 0, '¿¿¿¿¿¿¿, ¿¿¿¿¿¿¿¿ ¿¿¿ ¿¿¿¿¿¿', 'Infoline.pts@hp.com'); 
INSERT INTO SPP_CONTACT_TOPICS ( LANGUAGECODE, TOPICCODE, TOPICLABEL, USERID ) VALUES ( 
'EL', 7, 'Presales ¿¿¿¿¿¿¿ ¿¿¿¿¿¿¿¿¿¿ (servers, storage, PCs)', 'info.center@hp.com'); 
INSERT INTO SPP_CONTACT_TOPICS ( LANGUAGECODE, TOPICCODE, TOPICLABEL, USERID ) VALUES ( 
'EL', 6, '¿¿¿¿¿¿¿¿¿ ¿¿¿¿¿¿¿¿¿¿', 'Infoline.pts@hp.com'); 
INSERT INTO SPP_CONTACT_TOPICS ( LANGUAGECODE, TOPICCODE, TOPICLABEL, USERID ) VALUES ( 
'EL', 5, '¿¿¿¿¿¿¿¿¿¿¿ ¿¿¿¿¿¿¿¿¿ ¿¿¿ ¿¿¿¿¿ ¿¿¿¿¿¿¿¿', 'Infoline.pts@hp.com'); 
INSERT INTO SPP_CONTACT_TOPICS ( LANGUAGECODE, TOPICCODE, TOPICLABEL, USERID ) VALUES ( 
'EL', 4, '¿¿¿¿¿ ¿¿¿¿¿¿¿¿', 'Infoline.pts@hp.com'); 
INSERT INTO SPP_CONTACT_TOPICS ( LANGUAGECODE, TOPICCODE, TOPICLABEL, USERID ) VALUES ( 
'EL', 3, '¿¿¿¿¿¿¿¿¿ ¿¿¿¿¿¿¿¿¿¿¿', 'Infoline.pts@hp.com'); 
INSERT INTO SPP_CONTACT_TOPICS ( LANGUAGECODE, TOPICCODE, TOPICLABEL, USERID ) VALUES ( 
'EL', 2, '¿¿¿¿¿ ¿¿¿¿¿¿¿¿¿ ¿¿¿ ¿¿¿¿¿¿', 'Infoline.pts@hp.com'); 
INSERT INTO SPP_CONTACT_TOPICS ( LANGUAGECODE, TOPICCODE, TOPICLABEL, USERID ) VALUES ( 
'EL', 1, '¿¿¿¿¿¿¿ ¿¿ ¿¿¿ ¿¿¿¿¿¿¿¿', 'Infoline.pts@hp.com'); 
INSERT INTO SPP_CONTACT_TOPICS ( LANGUAGECODE, TOPICCODE, TOPICLABEL, USERID ) VALUES ( 
'EN', 0, 'Login, Navigation and profiling', 'Infoline.pts@hp.com'); 
INSERT INTO SPP_CONTACT_TOPICS ( LANGUAGECODE, TOPICCODE, TOPICLABEL, USERID ) VALUES ( 
'EN', 1, 'Connecting to the website', 'Infoline.pts@hp.com'); 
INSERT INTO SPP_CONTACT_TOPICS ( LANGUAGECODE, TOPICCODE, TOPICLABEL, USERID ) VALUES ( 
'EN', 2, 'Product prices and profiling', 'Infoline.pts@hp.com'); 
INSERT INTO SPP_CONTACT_TOPICS ( LANGUAGECODE, TOPICCODE, TOPICLABEL, USERID ) VALUES ( 
'EN', 3, 'Order status', 'Infoline.pts@hp.com'); 
INSERT INTO SPP_CONTACT_TOPICS ( LANGUAGECODE, TOPICCODE, TOPICLABEL, USERID ) VALUES ( 
'EN', 7, 'Presales tech support (servers, storage, PCs)', 'info.center@hp.com'); 
INSERT INTO SPP_CONTACT_TOPICS ( LANGUAGECODE, TOPICCODE, TOPICLABEL, USERID ) VALUES ( 
'EN', 6, 'Contact status', 'Infoline.pts@hp.com'); 
INSERT INTO SPP_CONTACT_TOPICS ( LANGUAGECODE, TOPICCODE, TOPICLABEL, USERID ) VALUES ( 
'EN', 5, 'Content of brochures and other documents', 'Infoline.pts@hp.com'); 
INSERT INTO SPP_CONTACT_TOPICS ( LANGUAGECODE, TOPICCODE, TOPICLABEL, USERID ) VALUES ( 
'EN', 4, 'Sales literature', 'Infoline.pts@hp.com'); 
INSERT INTO SPP_CONTACT_TOPICS ( LANGUAGECODE, TOPICCODE, TOPICLABEL, USERID ) VALUES ( 
'ES', 0, 'Conexión, Navegación y perfiles', 'Infoline.pts@hp.com'); 
INSERT INTO SPP_CONTACT_TOPICS ( LANGUAGECODE, TOPICCODE, TOPICLABEL, USERID ) VALUES ( 
'ES', 1, 'Conectando al sitio web', 'Infoline.pts@hp.com'); 
INSERT INTO SPP_CONTACT_TOPICS ( LANGUAGECODE, TOPICCODE, TOPICLABEL, USERID ) VALUES ( 
'ES', 3, 'Estado del pedido', 'Infoline.pts@hp.com'); 
INSERT INTO SPP_CONTACT_TOPICS ( LANGUAGECODE, TOPICCODE, TOPICLABEL, USERID ) VALUES ( 
'ES', 6, 'Estado del contrato', 'Infoline.pts@hp.com'); 
INSERT INTO SPP_CONTACT_TOPICS ( LANGUAGECODE, TOPICCODE, TOPICLABEL, USERID ) VALUES ( 
'ES', 5, 'Contenido de folletos y otros documentos', 'Infoline.pts@hp.com'); 
INSERT INTO SPP_CONTACT_TOPICS ( LANGUAGECODE, TOPICCODE, TOPICLABEL, USERID ) VALUES ( 
'ES', 4, 'Documentación comercial', 'Infoline.pts@hp.com'); 
INSERT INTO SPP_CONTACT_TOPICS ( LANGUAGECODE, TOPICCODE, TOPICLABEL, USERID ) VALUES ( 
'ES', 2, 'Producto precios y perfiles', 'Infoline.pts@hp.com'); 
INSERT INTO SPP_CONTACT_TOPICS ( LANGUAGECODE, TOPICCODE, TOPICLABEL, USERID ) VALUES ( 
'ES', 7, 'Soporte técnico de preventa (servidores, almacenamiento, PCs)', 'info.center@hp.com'); 
INSERT INTO SPP_CONTACT_TOPICS ( LANGUAGECODE, TOPICCODE, TOPICLABEL, USERID ) VALUES ( 
'FI', 0, 'Kirjautuminen, navigointi ja profilointi', 'Infoline.pts@hp.com'); 
INSERT INTO SPP_CONTACT_TOPICS ( LANGUAGECODE, TOPICCODE, TOPICLABEL, USERID ) VALUES ( 
'FI', 1, 'Sivustolle pääsy', 'Infoline.pts@hp.com'); 
INSERT INTO SPP_CONTACT_TOPICS ( LANGUAGECODE, TOPICCODE, TOPICLABEL, USERID ) VALUES ( 
'FI', 3, 'Tilauksen tila', 'Infoline.pts@hp.com'); 
INSERT INTO SPP_CONTACT_TOPICS ( LANGUAGECODE, TOPICCODE, TOPICLABEL, USERID ) VALUES ( 
'FI', 6, 'Sopimuksen tila', 'Infoline.pts@hp.com'); 
INSERT INTO SPP_CONTACT_TOPICS ( LANGUAGECODE, TOPICCODE, TOPICLABEL, USERID ) VALUES ( 
'FI', 5, 'Esitteiden ja dokumenttien sisältö', 'Infoline.pts@hp.com'); 
INSERT INTO SPP_CONTACT_TOPICS ( LANGUAGECODE, TOPICCODE, TOPICLABEL, USERID ) VALUES ( 
'FI', 4, 'Myyntikirjallisuus', 'Infoline.pts@hp.com'); 
INSERT INTO SPP_CONTACT_TOPICS ( LANGUAGECODE, TOPICCODE, TOPICLABEL, USERID ) VALUES ( 
'FI', 2, 'Tuotteiden hinnat ja tiedot', 'Infoline.pts@hp.com'); 
INSERT INTO SPP_CONTACT_TOPICS ( LANGUAGECODE, TOPICCODE, TOPICLABEL, USERID ) VALUES ( 
'FI', 7, 'Presales tekninen tuki', 'info.center@hp.com'); 
INSERT INTO SPP_CONTACT_TOPICS ( LANGUAGECODE, TOPICCODE, TOPICLABEL, USERID ) VALUES ( 
'FR', 0, 'Login, Navigation et profiling', 'Infoline.pts@hp.com'); 
INSERT INTO SPP_CONTACT_TOPICS ( LANGUAGECODE, TOPICCODE, TOPICLABEL, USERID ) VALUES ( 
'FR', 1, 'Connexion au site web', 'Infoline.pts@hp.com'); 
INSERT INTO SPP_CONTACT_TOPICS ( LANGUAGECODE, TOPICCODE, TOPICLABEL, USERID ) VALUES ( 
'FR', 3, 'Suivi des commandes', 'Infoline.pts@hp.com'); 
INSERT INTO SPP_CONTACT_TOPICS ( LANGUAGECODE, TOPICCODE, TOPICLABEL, USERID ) VALUES ( 
'FR', 6, 'Suivi des contacts', 'Infoline.pts@hp.com'); 
INSERT INTO SPP_CONTACT_TOPICS ( LANGUAGECODE, TOPICCODE, TOPICLABEL, USERID ) VALUES ( 
'FR', 5, 'Contenu des brochures et autres documents', 'Infoline.pts@hp.com'); 
INSERT INTO SPP_CONTACT_TOPICS ( LANGUAGECODE, TOPICCODE, TOPICLABEL, USERID ) VALUES ( 
'FR', 4, 'Ventes litteraires', 'Infoline.pts@hp.com'); 
INSERT INTO SPP_CONTACT_TOPICS ( LANGUAGECODE, TOPICCODE, TOPICLABEL, USERID ) VALUES ( 
'FR', 2, 'Prix produits et profiling', 'Infoline.pts@hp.com'); 
INSERT INTO SPP_CONTACT_TOPICS ( LANGUAGECODE, TOPICCODE, TOPICLABEL, USERID ) VALUES ( 
'FR', 7, 'Avant-ventes support technique (serveur, stockage, PCs)', 'info.center@hp.com'); 
INSERT INTO SPP_CONTACT_TOPICS ( LANGUAGECODE, TOPICCODE, TOPICLABEL, USERID ) VALUES ( 
'HR', 0, 'Login, Navigacija i profiliranje', 'Infoline.pts@hp.com'); 
INSERT INTO SPP_CONTACT_TOPICS ( LANGUAGECODE, TOPICCODE, TOPICLABEL, USERID ) VALUES ( 
'HR', 1, 'Spajanje na web stranicu', 'Infoline.pts@hp.com'); 
INSERT INTO SPP_CONTACT_TOPICS ( LANGUAGECODE, TOPICCODE, TOPICLABEL, USERID ) VALUES ( 
'HR', 3, 'Status narudjbe', 'Infoline.pts@hp.com'); 
INSERT INTO SPP_CONTACT_TOPICS ( LANGUAGECODE, TOPICCODE, TOPICLABEL, USERID ) VALUES ( 
'HR', 6, 'Kontakt', 'Infoline.pts@hp.com'); 
INSERT INTO SPP_CONTACT_TOPICS ( LANGUAGECODE, TOPICCODE, TOPICLABEL, USERID ) VALUES ( 
'HR', 5, 'Sadrzaj brosura i ostale literature', 'Infoline.pts@hp.com'); 
INSERT INTO SPP_CONTACT_TOPICS ( LANGUAGECODE, TOPICCODE, TOPICLABEL, USERID ) VALUES ( 
'HR', 4, 'Prodajna literatura', 'Infoline.pts@hp.com'); 
INSERT INTO SPP_CONTACT_TOPICS ( LANGUAGECODE, TOPICCODE, TOPICLABEL, USERID ) VALUES ( 
'HR', 2, 'Cjenik proizvoda i profiliranje', 'Infoline.pts@hp.com'); 
INSERT INTO SPP_CONTACT_TOPICS ( LANGUAGECODE, TOPICCODE, TOPICLABEL, USERID ) VALUES ( 
'HR', 7, 'Tehnicka podrska prije kupnje (serveri, storage, PCs)', 'info.center@hp.com'); 
INSERT INTO SPP_CONTACT_TOPICS ( LANGUAGECODE, TOPICCODE, TOPICLABEL, USERID ) VALUES ( 
'HU', 0, 'Belépés, navigálás és profil beállítás', 'Infoline.pts@hp.com'); 
INSERT INTO SPP_CONTACT_TOPICS ( LANGUAGECODE, TOPICCODE, TOPICLABEL, USERID ) VALUES ( 
'HU', 1, 'Csatlakozás a weboldalhoz', 'Infoline.pts@hp.com'); 
INSERT INTO SPP_CONTACT_TOPICS ( LANGUAGECODE, TOPICCODE, TOPICLABEL, USERID ) VALUES ( 
'HU', 3, 'Rendelési státusz', 'Infoline.pts@hp.com'); 
INSERT INTO SPP_CONTACT_TOPICS ( LANGUAGECODE, TOPICCODE, TOPICLABEL, USERID ) VALUES ( 
'HU', 6, 'Szerz¿dés státusz', 'Infoline.pts@hp.com'); 
INSERT INTO SPP_CONTACT_TOPICS ( LANGUAGECODE, TOPICCODE, TOPICLABEL, USERID ) VALUES ( 
'HU', 5, 'Brossúrák tartalma és más dokumentumok', 'Infoline.pts@hp.com'); 
INSERT INTO SPP_CONTACT_TOPICS ( LANGUAGECODE, TOPICCODE, TOPICLABEL, USERID ) VALUES ( 
'HU', 4, 'Sales irodalom', 'Infoline.pts@hp.com'); 
INSERT INTO SPP_CONTACT_TOPICS ( LANGUAGECODE, TOPICCODE, TOPICLABEL, USERID ) VALUES ( 
'HU', 2, 'Termék árak', 'Infoline.pts@hp.com'); 
INSERT INTO SPP_CONTACT_TOPICS ( LANGUAGECODE, TOPICCODE, TOPICLABEL, USERID ) VALUES ( 
'HU', 7, 'Pre-sales támogatás (szerverek, adattárolók, PC-k)', 'info.center@hp.com'); 
INSERT INTO SPP_CONTACT_TOPICS ( LANGUAGECODE, TOPICCODE, TOPICLABEL, USERID ) VALUES ( 
'IT', 0, 'Accesso, Navigazione e profilazione', 'Infoline.pts@hp.com'); 
INSERT INTO SPP_CONTACT_TOPICS ( LANGUAGECODE, TOPICCODE, TOPICLABEL, USERID ) VALUES ( 
'IT', 1, 'Connessione al sito', 'Infoline.pts@hp.com'); 
INSERT INTO SPP_CONTACT_TOPICS ( LANGUAGECODE, TOPICCODE, TOPICLABEL, USERID ) VALUES ( 
'IT', 3, 'Stato degli ordini', 'Infoline.pts@hp.com'); 
INSERT INTO SPP_CONTACT_TOPICS ( LANGUAGECODE, TOPICCODE, TOPICLABEL, USERID ) VALUES ( 
'IT', 6, 'Stato del contratto', 'Infoline.pts@hp.com'); 
INSERT INTO SPP_CONTACT_TOPICS ( LANGUAGECODE, TOPICCODE, TOPICLABEL, USERID ) VALUES ( 
'IT', 5, 'Brochure e altra documentazione', 'Infoline.pts@hp.com'); 
INSERT INTO SPP_CONTACT_TOPICS ( LANGUAGECODE, TOPICCODE, TOPICLABEL, USERID ) VALUES ( 
'IT', 4, 'Documentazione di vendita', 'Infoline.pts@hp.com'); 
INSERT INTO SPP_CONTACT_TOPICS ( LANGUAGECODE, TOPICCODE, TOPICLABEL, USERID ) VALUES ( 
'IT', 2, 'Prezzi di prodotto e profilazione', 'Infoline.pts@hp.com'); 
INSERT INTO SPP_CONTACT_TOPICS ( LANGUAGECODE, TOPICCODE, TOPICLABEL, USERID ) VALUES ( 
'IT', 7, 'Supporto tecnico prevendita (server, storage, PC)', 'info.center@hp.com'); 
INSERT INTO SPP_CONTACT_TOPICS ( LANGUAGECODE, TOPICCODE, TOPICLABEL, USERID ) VALUES ( 
'NL', 0, 'Login, Navigatie en profilering', 'Infoline.pts@hp.com'); 
INSERT INTO SPP_CONTACT_TOPICS ( LANGUAGECODE, TOPICCODE, TOPICLABEL, USERID ) VALUES ( 
'NL', 3, 'Order status', 'Infoline.pts@hp.com'); 
INSERT INTO SPP_CONTACT_TOPICS ( LANGUAGECODE, TOPICCODE, TOPICLABEL, USERID ) VALUES ( 
'NL', 4, 'Sales literatuur', 'Infoline.pts@hp.com'); 
INSERT INTO SPP_CONTACT_TOPICS ( LANGUAGECODE, TOPICCODE, TOPICLABEL, USERID ) VALUES ( 
'NL', 5, 'Inhoud van brochures en andere documenten', 'Infoline.pts@hp.com'); 
INSERT INTO SPP_CONTACT_TOPICS ( LANGUAGECODE, TOPICCODE, TOPICLABEL, USERID ) VALUES ( 
'NL', 7, 'Tech. ondersteuning van pre-sales (servers, opslag, PCs)', 'info.center@hp.com'); 
INSERT INTO SPP_CONTACT_TOPICS ( LANGUAGECODE, TOPICCODE, TOPICLABEL, USERID ) VALUES ( 
'NL', 6, 'Contract status', 'Infoline.pts@hp.com'); 
INSERT INTO SPP_CONTACT_TOPICS ( LANGUAGECODE, TOPICCODE, TOPICLABEL, USERID ) VALUES ( 
'NL', 2, 'Productprijzen en profilering', 'Infoline.pts@hp.com'); 
INSERT INTO SPP_CONTACT_TOPICS ( LANGUAGECODE, TOPICCODE, TOPICLABEL, USERID ) VALUES ( 
'NL', 1, 'Verbinding met de website', 'Infoline.pts@hp.com'); 
INSERT INTO SPP_CONTACT_TOPICS ( LANGUAGECODE, TOPICCODE, TOPICLABEL, USERID ) VALUES ( 
'NO', 2, 'Produktpriser og profilering', 'Infoline.pts@hp.com'); 
INSERT INTO SPP_CONTACT_TOPICS ( LANGUAGECODE, TOPICCODE, TOPICLABEL, USERID ) VALUES ( 
'NO', 1, 'Oppkobling til nettstedet', 'Infoline.pts@hp.com'); 
INSERT INTO SPP_CONTACT_TOPICS ( LANGUAGECODE, TOPICCODE, TOPICLABEL, USERID ) VALUES ( 
'NO', 0, 'Pålogging, navigasjon og brukerprofil', 'Infoline.pts@hp.com'); 
INSERT INTO SPP_CONTACT_TOPICS ( LANGUAGECODE, TOPICCODE, TOPICLABEL, USERID ) VALUES ( 
'NO', 5, 'Innhold i brosjyrer og andre dokumenter', 'Infoline.pts@hp.com'); 
INSERT INTO SPP_CONTACT_TOPICS ( LANGUAGECODE, TOPICCODE, TOPICLABEL, USERID ) VALUES ( 
'NO', 6, 'Kontraktstatus', 'Infoline.pts@hp.com'); 
INSERT INTO SPP_CONTACT_TOPICS ( LANGUAGECODE, TOPICCODE, TOPICLABEL, USERID ) VALUES ( 
'BG', 7, '¿¿¿¿-¿¿¿¿¿¿¿¿¿¿ ¿¿¿¿¿¿¿¿¿¿ ¿¿¿¿¿¿¿¿¿(¿¿¿¿¿¿¿, ¿¿¿¿¿¿¿¿¿¿ ¿¿ ¿¿¿¿¿, ¿¿¿¿¿¿¿¿)'
, 'info.center@hp.com'); 
INSERT INTO SPP_CONTACT_TOPICS ( LANGUAGECODE, TOPICCODE, TOPICLABEL, USERID ) VALUES ( 
'BG', 0, '¿¿¿¿, ¿¿¿¿¿¿¿¿¿ ¿ ¿¿¿¿¿¿¿¿¿¿¿', 'Infoline.pts@hp.com'); 
INSERT INTO SPP_CONTACT_TOPICS ( LANGUAGECODE, TOPICCODE, TOPICLABEL, USERID ) VALUES ( 
'BG', 1, '¿¿¿¿¿¿¿¿¿ ¿ ¿¿¿¿¿¿¿¿¿¿¿¿¿', 'Infoline.pts@hp.com'); 
INSERT INTO SPP_CONTACT_TOPICS ( LANGUAGECODE, TOPICCODE, TOPICLABEL, USERID ) VALUES ( 
'BG', 3, '¿¿¿¿¿¿ ¿¿ ¿¿¿¿¿¿¿', 'Infoline.pts@hp.com'); 
INSERT INTO SPP_CONTACT_TOPICS ( LANGUAGECODE, TOPICCODE, TOPICLABEL, USERID ) VALUES ( 
'BG', 6, '¿¿¿¿¿¿ ¿¿ ¿¿¿¿¿¿¿¿', 'Infoline.pts@hp.com'); 
INSERT INTO SPP_CONTACT_TOPICS ( LANGUAGECODE, TOPICCODE, TOPICLABEL, USERID ) VALUES ( 
'BG', 5, '¿¿¿¿¿¿¿¿¿¿ ¿¿ ¿¿¿¿¿¿¿ ¿ ¿¿¿¿¿ ¿¿¿¿¿¿¿¿¿', 'Infoline.pts@hp.com'); 
INSERT INTO SPP_CONTACT_TOPICS ( LANGUAGECODE, TOPICCODE, TOPICLABEL, USERID ) VALUES ( 
'BG', 4, '¿¿¿¿¿¿¿¿¿ ¿ ¿¿¿¿¿ ¿¿ ¿¿¿¿¿¿¿¿¿¿', 'Infoline.pts@hp.com'); 
INSERT INTO SPP_CONTACT_TOPICS ( LANGUAGECODE, TOPICCODE, TOPICLABEL, USERID ) VALUES ( 
'BG', 2, '¿¿¿¿¿¿¿¿¿¿ ¿¿¿¿ ¿ ¿¿¿¿¿¿¿¿¿¿¿', 'Infoline.pts@hp.com'); 
INSERT INTO SPP_CONTACT_TOPICS ( LANGUAGECODE, TOPICCODE, TOPICLABEL, USERID ) VALUES ( 
'CS', 0, 'Login navigace a zm¿na profilu', 'Infoline.pts@hp.com'); 
INSERT INTO SPP_CONTACT_TOPICS ( LANGUAGECODE, TOPICCODE, TOPICLABEL, USERID ) VALUES ( 
'CS', 7, 'Technický support (servery, storage, PC)', 'info.center@hp.com'); 
INSERT INTO SPP_CONTACT_TOPICS ( LANGUAGECODE, TOPICCODE, TOPICLABEL, USERID ) VALUES ( 
'CS', 6, 'Stav kontraktu', 'Infoline.pts@hp.com'); 
INSERT INTO SPP_CONTACT_TOPICS ( LANGUAGECODE, TOPICCODE, TOPICLABEL, USERID ) VALUES ( 
'CS', 5, 'Obsah brožur a jiných dokument¿', 'Infoline.pts@hp.com'); 
INSERT INTO SPP_CONTACT_TOPICS ( LANGUAGECODE, TOPICCODE, TOPICLABEL, USERID ) VALUES ( 
'CS', 4, 'Obchodní literatura', 'Infoline.pts@hp.com'); 
INSERT INTO SPP_CONTACT_TOPICS ( LANGUAGECODE, TOPICCODE, TOPICLABEL, USERID ) VALUES ( 
'CS', 3, 'Stav objednávek', 'Infoline.pts@hp.com'); 
INSERT INTO SPP_CONTACT_TOPICS ( LANGUAGECODE, TOPICCODE, TOPICLABEL, USERID ) VALUES ( 
'CS', 2, 'Produkty a ceny', 'Infoline.pts@hp.com'); 
INSERT INTO SPP_CONTACT_TOPICS ( LANGUAGECODE, TOPICCODE, TOPICLABEL, USERID ) VALUES ( 
'CS', 1, 'P¿ístup na portál', 'Infoline.pts@hp.com'); 
INSERT INTO SPP_CONTACT_TOPICS ( LANGUAGECODE, TOPICCODE, TOPICLABEL, USERID ) VALUES ( 
'DA', 0, 'Login, Navigation og profil', 'Infoline.pts@hp.com'); 
INSERT INTO SPP_CONTACT_TOPICS ( LANGUAGECODE, TOPICCODE, TOPICLABEL, USERID ) VALUES ( 
'DA', 7, 'Presales teknik support (servers, storage, PCs)', 'info.center@hp.com'); 
INSERT INTO SPP_CONTACT_TOPICS ( LANGUAGECODE, TOPICCODE, TOPICLABEL, USERID ) VALUES ( 
'DA', 6, 'Kontakt status', 'Infoline.pts@hp.com'); 
INSERT INTO SPP_CONTACT_TOPICS ( LANGUAGECODE, TOPICCODE, TOPICLABEL, USERID ) VALUES ( 
'DA', 5, 'Indhold af brochurer og andre dokumenter', 'Infoline.pts@hp.com'); 
INSERT INTO SPP_CONTACT_TOPICS ( LANGUAGECODE, TOPICCODE, TOPICLABEL, USERID ) VALUES ( 
'DA', 4, 'Salgs litteratur', 'Infoline.pts@hp.com'); 
INSERT INTO SPP_CONTACT_TOPICS ( LANGUAGECODE, TOPICCODE, TOPICLABEL, USERID ) VALUES ( 
'DA', 3, 'Ordre status', 'Infoline.pts@hp.com'); 
INSERT INTO SPP_CONTACT_TOPICS ( LANGUAGECODE, TOPICCODE, TOPICLABEL, USERID ) VALUES ( 
'DA', 2, 'Produkt priser og profil', 'Infoline.pts@hp.com'); 
INSERT INTO SPP_CONTACT_TOPICS ( LANGUAGECODE, TOPICCODE, TOPICLABEL, USERID ) VALUES ( 
'DA', 1, 'Forbinde til websitet', 'Infoline.pts@hp.com'); 
INSERT INTO SPP_CONTACT_TOPICS ( LANGUAGECODE, TOPICCODE, TOPICLABEL, USERID ) VALUES ( 
'DE', 1, 'Verbinden auf die Website', 'Infoline.pts@hp.com'); 
INSERT INTO SPP_CONTACT_TOPICS ( LANGUAGECODE, TOPICCODE, TOPICLABEL, USERID ) VALUES ( 
'NO', 7, 'Teknisk salgsstøtte (server, lagring, PC, etc)', 'info.center@hp.com'); 
INSERT INTO SPP_CONTACT_TOPICS ( LANGUAGECODE, TOPICCODE, TOPICLABEL, USERID ) VALUES ( 
'NO', 4, 'Salgsmateriell', 'Infoline.pts@hp.com'); 
INSERT INTO SPP_CONTACT_TOPICS ( LANGUAGECODE, TOPICCODE, TOPICLABEL, USERID ) VALUES ( 
'NO', 3, 'Ordrestatus', 'Infoline.pts@hp.com'); 
INSERT INTO SPP_CONTACT_TOPICS ( LANGUAGECODE, TOPICCODE, TOPICLABEL, USERID ) VALUES ( 
'PL', 0, 'Login, Nawigacja oraz profilowanie', 'Infoline.pts@hp.com'); 
INSERT INTO SPP_CONTACT_TOPICS ( LANGUAGECODE, TOPICCODE, TOPICLABEL, USERID ) VALUES ( 
'PL', 7, 'Przedsprzeda¿ne wsparcie techniczne (serwery, storage, PCs)', 'info.center@hp.com'); 
INSERT INTO SPP_CONTACT_TOPICS ( LANGUAGECODE, TOPICCODE, TOPICLABEL, USERID ) VALUES ( 
'PL', 6, 'Status kontraktu', 'Infoline.pts@hp.com'); 

-- SPP_HPURLS
-- insert into spp_hpurls(countrycode, languagecode, str_loc) values ('emea_africa','en','/country/emea_africa/en');
-- insert into spp_hpurls(countrycode, languagecode, str_loc) values ('emea_africa','fr','/country/emea_africa/fr');
insert into spp_hpurls(countrycode, languagecode, str_loc) values ('ar','es','/country/ar/es');
insert into spp_hpurls(countrycode, languagecode, str_loc) values ('au','en','/country/au/en');
insert into spp_hpurls(countrycode, languagecode, str_loc) values ('at','de','/country/at/de');
insert into spp_hpurls(countrycode, languagecode, str_loc) values ('be','nl','/country/be/nl');
insert into spp_hpurls(countrycode, languagecode, str_loc) values ('be','fr','/country/be/fr');
insert into spp_hpurls(countrycode, languagecode, str_loc) values ('by','ru','/country/by/ru');
insert into spp_hpurls(countrycode, languagecode, str_loc) values ('bo','es','/country/bo/es');
insert into spp_hpurls(countrycode, languagecode, str_loc) values ('br','pt','/country/br/pt');
insert into spp_hpurls(countrycode, languagecode, str_loc) values ('bg','bg','/country/bg/bg');
insert into spp_hpurls(countrycode, languagecode, str_loc) values ('ca','en','/country/ca/en');
insert into spp_hpurls(countrycode, languagecode, str_loc) values ('ca','fr','/country/ca/fr');
-- insert into spp_hpurls(countrycode, languagecode, str_loc) values ('lamerica_nsc_carib','en','/country/lamerica_nsc_carib/en');
-- insert into spp_hpurls(countrycode, languagecode, str_loc) values ('lamerica_nsc_cnt_amer','es','/country/lamerica_nsc_cnt_amer/es');
insert into spp_hpurls(countrycode, languagecode, str_loc) values ('cl','es','/country/cl/es');
insert into spp_hpurls(countrycode, languagecode, str_loc) values ('cn','zh','/country/cn/zh');
insert into spp_hpurls(countrycode, languagecode, str_loc) values ('co','es','/country/co/es');
insert into spp_hpurls(countrycode, languagecode, str_loc) values ('hr','hr','/country/hr/hr');
insert into spp_hpurls(countrycode, languagecode, str_loc) values ('cz','cs','/country/cz/cs');
insert into spp_hpurls(countrycode, languagecode, str_loc) values ('dk','da','/country/dk/da');
insert into spp_hpurls(countrycode, languagecode, str_loc) values ('ec','es','/country/ec/es');
insert into spp_hpurls(countrycode, languagecode, str_loc) values ('ee','et','/country/ee/et');
insert into spp_hpurls(countrycode, languagecode, str_loc) values ('fi','fi','/country/fi/fi');
insert into spp_hpurls(countrycode, languagecode, str_loc) values ('fr','fr','/country/fr/fr');
insert into spp_hpurls(countrycode, languagecode, str_loc) values ('de','de','/country/de/de');
insert into spp_hpurls(countrycode, languagecode, str_loc) values ('gr','el','/country/gr/el');
insert into spp_hpurls(countrycode, languagecode, str_loc) values ('hk','zh','/country/hk/zh');
insert into spp_hpurls(countrycode, languagecode, str_loc) values ('hk','en','/country/hk/en');
insert into spp_hpurls(countrycode, languagecode, str_loc) values ('hu','hu','/country/hu/hu');
insert into spp_hpurls(countrycode, languagecode, str_loc) values ('in','en','/country/in/en');
insert into spp_hpurls(countrycode, languagecode, str_loc) values ('id','en','/country/id/en');
insert into spp_hpurls(countrycode, languagecode, str_loc) values ('ie','en','/country/ie/en');
insert into spp_hpurls(countrycode, languagecode, str_loc) values ('il','he','/country/il/he');
insert into spp_hpurls(countrycode, languagecode, str_loc) values ('it','it','/country/it/it');
insert into spp_hpurls(countrycode, languagecode, str_loc) values ('jp','ja','/country/jp/ja');
insert into spp_hpurls(countrycode, languagecode, str_loc) values ('kz','ru','/country/kz/ru');
insert into spp_hpurls(countrycode, languagecode, str_loc) values ('kr','ko','/country/kr/ko');
insert into spp_hpurls(countrycode, languagecode, str_loc) values ('lv','lv','/country/lv/lv');
insert into spp_hpurls(countrycode, languagecode, str_loc) values ('lt','lt','/country/lt/lt');
insert into spp_hpurls(countrycode, languagecode, str_loc) values ('my','en','/country/my/en');
insert into spp_hpurls(countrycode, languagecode, str_loc) values ('mx','es','/country/mx/es');
-- insert into spp_hpurls(countrycode, languagecode, str_loc) values ('emea_middle_east','en','/country/emea_middle_east/en');
insert into spp_hpurls(countrycode, languagecode, str_loc) values ('nl','nl','/country/nl/nl');
insert into spp_hpurls(countrycode, languagecode, str_loc) values ('nz','en','/country/nz/en');
insert into spp_hpurls(countrycode, languagecode, str_loc) values ('no','no','/country/no/no');
insert into spp_hpurls(countrycode, languagecode, str_loc) values ('py','es','/country/py/es');
insert into spp_hpurls(countrycode, languagecode, str_loc) values ('pe','es','/country/pe/es');
insert into spp_hpurls(countrycode, languagecode, str_loc) values ('ph','en','/country/ph/en');
insert into spp_hpurls(countrycode, languagecode, str_loc) values ('pl','pl','/country/pl/pl');
insert into spp_hpurls(countrycode, languagecode, str_loc) values ('pt','pt','/country/pt/pt');
insert into spp_hpurls(countrycode, languagecode, str_loc) values ('pr','es','/country/pr/es');
insert into spp_hpurls(countrycode, languagecode, str_loc) values ('ro','ro','/country/ro/ro');
insert into spp_hpurls(countrycode, languagecode, str_loc) values ('ru','ru','/country/ru/ru');
insert into spp_hpurls(countrycode, languagecode, str_loc) values ('cs','sr','/country/cs/sr');
insert into spp_hpurls(countrycode, languagecode, str_loc) values ('sg','en','/country/sg/en');
insert into spp_hpurls(countrycode, languagecode, str_loc) values ('sk','sk','/country/sk/sk');
insert into spp_hpurls(countrycode, languagecode, str_loc) values ('si','sl','/country/si/sl');
insert into spp_hpurls(countrycode, languagecode, str_loc) values ('za','en','/country/za/en');
insert into spp_hpurls(countrycode, languagecode, str_loc) values ('es','es','/country/es/es');
insert into spp_hpurls(countrycode, languagecode, str_loc) values ('se','sv','/country/se/sv');
insert into spp_hpurls(countrycode, languagecode, str_loc) values ('ch','de','/country/ch/de');
insert into spp_hpurls(countrycode, languagecode, str_loc) values ('ch','fr','/country/ch/fr');
insert into spp_hpurls(countrycode, languagecode, str_loc) values ('tw','zh','/country/tw/zh');
insert into spp_hpurls(countrycode, languagecode, str_loc) values ('th','en','/country/th/en');
insert into spp_hpurls(countrycode, languagecode, str_loc) values ('tr','tr','/country/tr/tr');
insert into spp_hpurls(countrycode, languagecode, str_loc) values ('ua','ru','/country/ua/ru');
insert into spp_hpurls(countrycode, languagecode, str_loc) values ('uk','en','/country/uk/en');
insert into spp_hpurls(countrycode, languagecode, str_loc) values ('gb','en','/country/uk/en');
insert into spp_hpurls(countrycode, languagecode, str_loc) values ('us','en','/country/us/en');
insert into spp_hpurls(countrycode, languagecode, str_loc) values ('uy','es','/country/uy/es');
insert into spp_hpurls(countrycode, languagecode, str_loc) values ('ve','es','/country/ve/es');
insert into spp_hpurls(countrycode, languagecode, str_loc) values ('vn','en','/country/vn/en');

COMMIT;
