<project>

  <extend>../project.xml</extend>

  <groupId>com.hp.frameworks.wpa</groupId>
  <artifactId>wpa-wsrp4j</artifactId>
  <!--currentVersion>1.0.0</currentVersion-->

  <build>
	<sourceDirectory>src/main/java</sourceDirectory>
    
	<unitTestSourceDirectory>src/test/java</unitTestSourceDirectory>
    
	<unitTest>
		<resources>
			<resource>
				<directory>src/test/resources</directory>
				<includes>*.properties</includes>
			</resource>
		</resources>
		<includes>
			<include>**/Test*.java</include>
		</includes>
	</unitTest>

	<resources>
		<resource>
			<directory>src/main/resources</directory>
		</resource>
	</resources>

  </build>


	<dependencies>
    
		<dependency>
			<groupId>axis</groupId>
			<artifactId>axis</artifactId>
			<version>1.3</version>
		</dependency>

		<dependency>
			<groupId>org.apache.wsrp4j</groupId>
			<artifactId>wsrp4j-commons</artifactId>
			<version>0.4.408860</version>
		</dependency>

		<dependency>
			<groupId>org.apache.wsrp4j</groupId>
			<artifactId>wsrp4j-commons-producer</artifactId>
			<version>0.4.408860</version>
		</dependency>

		<dependency>
			<groupId>org.apache.wsrp4j</groupId>
			<artifactId>wsrp4j-producer</artifactId>
			<version>0.4.408860</version>
		</dependency>

		<dependency>
			<groupId>portlet-api</groupId>
			<artifactId>portlet-api</artifactId>
			<version>1.0</version>
		</dependency>

		<dependency>
			<groupId>org.apache.pluto</groupId>
			<artifactId>pluto</artifactId>
			<version>1.0.1</version>
		</dependency>

		<dependency>
			<groupId>org.apache.pluto</groupId>
			<artifactId>pluto-portal</artifactId>
			<version>1.0.1</version>
		</dependency>

		<dependency>
			<groupId>commons-lang</groupId>
			<artifactId>commons-lang</artifactId>
			<version>2.1</version>
		</dependency>

		<dependency>
			<groupId>commons-logging</groupId>
			<artifactId>commons-logging</artifactId>
			<version>1.0.4</version>
		</dependency>

		<dependency>
			<groupId>servletapi</groupId>
			<artifactId>servletapi</artifactId>
			<version>2.3</version>
		</dependency>

		<dependency>
			<groupId>axis</groupId>
			<artifactId>axis</artifactId>
			<version>1.3</version>
		</dependency>

		<dependency>
			<groupId>opensymphony</groupId>
			<artifactId>oscache</artifactId>
			<version>2.3</version>
			<properties>
			  <war.bundle>true</war.bundle>
			</properties>
		</dependency>

		<!-- TEST JARS -->
		<dependency>
			<groupId>axis</groupId>
			<artifactId>axis-jaxrpc</artifactId>
			<version>1.3</version>
		</dependency>

		<dependency>
			<groupId>dbunit</groupId>
			<artifactId>dbunit</artifactId>
			<version>2.1</version>
		</dependency>

		<dependency>
			<groupId>p6spy</groupId>
			<artifactId>p6spy</artifactId>
			<version>1.3</version>
		</dependency>

		<dependency>
			<groupId>javaranch</groupId>
			<artifactId>jrunittesthelper</artifactId>
			<jar>jrunittesthelper.jar</jar>
		</dependency>

		<dependency>
			<groupId>com.microsoft</groupId>
			<artifactId>sqljdbc</artifactId>
			<jar>sqljdbc.jar</jar>
		</dependency>

	</dependencies>

</project>