<project default="build" 
	xmlns:maven="jelly:maven"
	xmlns:ant="jelly:ant">


	<goal name="package">
		<attainGoal name="release:build-distribution-bin" />
	</goal>


	<postGoal name="release:setup-distribution-bin">
		<ant:copy 
			todir="${maven.build.dir}/${maven.release.name.bin}"
			file="${maven.build.dir}/${pom.artifactId}.war" />

		<!-- Copy readme -->
		<ant:filter token="version" value="${pom.currentVersion}" />
		<copy 
			todir="${maven.build.dir}/${maven.release.name.bin}" 
			file="readme.txt" filtering="true"/>
	</postGoal>
</project>
