<?xml version="1.0" encoding="UTF-8"?>

<project>

    <extend>../project.xml</extend>

	<id>wsrp4j-producer</id>
                
    <packageName>org.apache.wsrp4j.producer</packageName>
    
    <build>
        <defaultGoal></defaultGoal>
    </build>
    
    <dependencies>
        <dependency>
            <artifactId>wsrp4j-commons</artifactId>
            <groupId>org.apache.wsrp4j</groupId>
            <version>0.4.408860</version>
            <properties>
                <war.bundle>true</war.bundle>
            </properties>
        </dependency>
        <dependency>
            <artifactId>wsrp4j-commons-producer</artifactId>
            <groupId>org.apache.wsrp4j</groupId>
            <version>0.4.408860</version>
            <properties>
                <war.bundle>true</war.bundle>
            </properties>
        </dependency>
        <dependency>
            <artifactId>wsrp4j-persistence-xml</artifactId>
            <groupId>org.apache.wsrp4j</groupId>
            <version>0.4.408860</version>
            <properties>
                <war.bundle>true</war.bundle>
            </properties>
        </dependency>
        <dependency>
            <artifactId>wsrp4j-producer</artifactId>
            <groupId>org.apache.wsrp4j</groupId>
            <version>0.4.408860</version>
            <properties>
                <war.bundle>true</war.bundle>
            </properties>
        </dependency>
        <dependency>
            <artifactId>wsrp4j-testportlet</artifactId>
            <groupId>org.apache.wsrp4j</groupId>
            <version>0.4.408860</version>
            <properties>
                <war.bundle>true</war.bundle>
            </properties>
        </dependency>
        <dependency>
            <artifactId>portlet-api</artifactId>
            <groupId>portlet-api</groupId>
            <version>1.0</version>
            <properties>
                <war.bundle>true</war.bundle>
            </properties>
        </dependency>
        <dependency>
            <artifactId>pluto</artifactId>
            <groupId>org.apache.pluto</groupId>
            <version>1.0.1</version>
            <properties>
                <war.bundle>true</war.bundle>
            </properties>
        </dependency>
        <dependency>
            <artifactId>pluto-portal</artifactId>
            <groupId>org.apache.pluto</groupId>
            <version>1.0.1</version>
            <properties>
                <war.bundle>true</war.bundle>
            </properties>
        </dependency>
        <dependency>
            <artifactId>axis</artifactId>
            <groupId>axis</groupId>
            <version>1.3</version>
            <properties>
                <war.bundle>true</war.bundle>
            </properties>
        </dependency>
        <dependency>
            <artifactId>axis-jaxrpc</artifactId>
            <groupId>axis</groupId>
            <version>1.3</version>
            <properties>
                <war.bundle>true</war.bundle>
            </properties>
        </dependency>
        <dependency>
            <artifactId>axis-saaj</artifactId>
            <groupId>axis</groupId>
            <version>1.3</version>
            <properties>
                <war.bundle>true</war.bundle>
            </properties>
        </dependency>
        <dependency>
            <artifactId>axis-wsdl4j</artifactId>
            <groupId>axis</groupId>
            <version>1.5.1</version>
            <properties>
                <war.bundle>true</war.bundle>
            </properties>
        </dependency>
        <dependency>
            <artifactId>commons-discovery</artifactId>
            <groupId>commons-discovery</groupId>
            <version>0.2</version>
            <properties>
                <war.bundle>true</war.bundle>
            </properties>
        </dependency>
        <dependency>
            <artifactId>castor</artifactId>
            <groupId>castor</groupId>
            <version>0.9.6</version>
            <properties>
                <war.bundle>true</war.bundle>
            </properties>
        </dependency>
        <dependency>
            <artifactId>commons-logging</artifactId>
            <groupId>commons-logging</groupId>
            <version>1.0.4</version>
            <properties>
                <war.bundle>true</war.bundle>
            </properties>
        </dependency>
        <dependency>
            <artifactId>log4j</artifactId>
            <groupId>log4j</groupId>
            <version>1.2.13</version>
            <properties>
                <war.bundle>true</war.bundle>
            </properties>
        </dependency>
        <dependency>
            <artifactId>commons-lang</artifactId>
            <groupId>commons-lang</groupId>
            <version>2.1</version>
            <properties>
                <war.bundle>true</war.bundle>
            </properties>
        </dependency>
		<dependency>
			<groupId>opensymphony</groupId>
			<artifactId>oscache</artifactId>
			<version>2.3</version>
			<properties>
			  <war.bundle>true</war.bundle>
			</properties>
		</dependency>
		<dependency>
			<groupId>concurrent</groupId>
			<artifactId>concurrent</artifactId>
			<version>1.3.4</version>
			<properties>
			  <war.bundle>true</war.bundle>
			</properties>
		</dependency>
		<dependency>
			<groupId>jgroups</groupId>
			<artifactId>jgroups-all</artifactId>
			<version>2.2.9.1</version>
			<properties>
			  <war.bundle>true</war.bundle>
			</properties>
		</dependency>
		<dependency>
			<groupId>xml-apis</groupId>
			<artifactId>xml-apis</artifactId>
			<version>1.3.02</version>
			<properties>
			  <war.bundle>true</war.bundle>
			</properties>
		</dependency>
		<dependency>
			<groupId>xerces</groupId>
			<artifactId>xercesImpl</artifactId>
			<version>2.7.1</version>
			<properties>
			  <war.bundle>true</war.bundle>
			</properties>
		</dependency>
		<dependency>
			<groupId>com.hp.frameworks.wpa</groupId>
			<artifactId>wpa-wsrp4j</artifactId>
			<version>${pom.currentVersion}</version>
			<properties>
			  <war.bundle>true</war.bundle>
			</properties>
		</dependency>
	</dependencies>
    
</project>