<?xml version="1.0" encoding="UTF-8"?>
<!--
Copyright 2003-2005 The Apache Software Foundation.

Licensed under the Apache License, Version 2.0 (the "License");
you may not use this file except in compliance with the License.
You may obtain a copy of the License at

     http://www.apache.org/licenses/LICENSE-2.0

Unless required by applicable law or agreed to in writing, software
distributed under the License is distributed on an "AS IS" BASIS,
WITHOUT WARRANTIES OR CONDITIONS OF ANY KIND, either express or implied.
See the License for the specific language governing permissions and
limitations under the License.
-->

<portlet-app
    xmlns="http://java.sun.com/xml/ns/portlet/portlet-app_1_0.xsd"
    version="1.0"
    xmlns:xsi="http://www.w3.org/2001/XMLSchema-instance"
    xsi:schemaLocation="http://java.sun.com/xml/ns/portlet/portlet-app_1_0.xsd
                        http://java.sun.com/xml/ns/portlet/portlet-app_1_0.xsd">

	<portlet>
        <description>WSRP4J Test Portlet Description</description>
        <portlet-name>WSRP4JTestPortlet</portlet-name>
        <display-name>WSRP4J Test Portlet</display-name>

        <portlet-class>org.apache.wsrp4j.testportlet.TestPortlet</portlet-class>

        <expiration-cache>-1</expiration-cache>

        <supports>
			<mime-type>text/html</mime-type>
            <portlet-mode>VIEW</portlet-mode>
            <portlet-mode>EDIT</portlet-mode>
            <portlet-mode>HELP</portlet-mode>
		</supports>

        <supported-locale>en</supported-locale>
        <supported-locale>es</supported-locale>
        <resource-bundle>TestPortlet</resource-bundle>

		<portlet-info>
			<title>WSRP4J Test Portlet</title>
			<short-title>WSRP4J Test</short-title>
			<keywords>WSRP, WSRP4J, Test</keywords>
        </portlet-info>
	</portlet>



 </portlet-app>
 